ticket_id,split,subject,body,body_truncated
T00495,development,Request for Comprehensive Platform Infrastructure Details,"Dear Customer Support Team,\n\nI hope this message reaches you well. I am writing to request comprehensive details about the system's architecture. Gaining insight into the design framework of the platform is essential for us to enhance integration and maximize service utilization. Could you kindly share any available documentation that describes the platform's components, data transmission pathways, and security protocols? Your assistance in this matter would be highly valued.\n\nThank you in advance for your support.\n\nBest regards,\n[Your Name]",false
T11392,development,Problem with Service Down,Facing service disruption impacting project management. Recent updates and integrations might be causing errors.,false
T15265,development,Incident: Unauthorized Access to Hospital System,"An unauthorized access attempt has occurred on the hospital system, which may have compromised medical data due to outdated security protocols and vulnerabilities in the software. Immediate system scans and password changes have been implemented to mitigate the issue. We are currently investigating the matter and taking necessary steps to prevent future incidents. Ensuring the security of patients' data is our top priority, and we will provide updates as more information becomes available.",false
T18719,development,Urgent Technical Assistance Required,We are experiencing a technical issue due to recent software updates.,false
T14428,development,Revocation of SaaS Access,"I am facing access problems with the project management SaaS, even though I made the latest payment. After checking my payment method and refreshing account settings, I am still locked out. This might be due to a billing account synchronization glitch. I would appreciate your help in resolving this matter quickly so I can regain access to the project management tools.",false
T07132,development,Digital Campaigns Fell Short Due to Mistakes,"The agency's digital marketing efforts did not meet expectations, likely because of targeting inaccuracies. Efforts to refine audience segments showed some progress. We would value support in pinpointing the fundamental cause and resolving the problem.",false
T11859,development,Support for QuickBooks,"Inquiring about customer support for integrating the QuickBooks Online project management SaaS solution. Could you provide detailed guidance on the setup process? I would greatly appreciate any steps involved in the integration process. Additionally, could you inform me about the specific features and any limitations I should be aware of? Please let me know what information you need to assist with my inquiry. Looking forward to your response. Thank you for your time and assistance. Best regards, [Your Name]",false
T14788,development,Support for Traffic Issues,"We have noticed a sudden drop in website traffic and engagement metrics. This may be due to recent changes in our digital ad campaigns. After attempting to revert the changes and optimize our keywords, the issue still persists. We need your help to resolve this issue.",false
T18800,development,Query for Detailed Pricing Information on Oracle Database 19c Integration,"I am writing to request detailed pricing information for the Oracle Database 19c integration project management SaaS. Could you provide a breakdown of the costs involved? Your help in including additional fees and charges would be greatly appreciated, as this information will assist me in making an informed decision regarding the implementation of the integration. Thank you for your assistance, and I look forward to hearing back soon.",false
T04469,development,(no subject),Can you supply comprehensive guidance on data analytics solutions to enhance investment strategies?,false
T04539,validation,Improved Security Measures for Medical Systems,"Customer Support is drafting a request for the implementation of enhanced security protocols on specified software devices to safeguard medical data within hospital systems. It is vital to prevent potential cyber threats and to maintain the confidentiality, integrity, and availability of sensitive patient information. We would appreciate it if you could provide details on the measures already taken to address this concern. Additionally, please inform us of any further steps implemented to strengthen security. We look forward to your prompt response.",false
T12622,validation,Concerns About Investment Return Variability and Analytics,"Despite recent improvements, we have noticed fluctuations in investment returns. Misconfigurations in the algorithms and the use of outdated datasets might be contributing factors.",false
T02698,validation,Security Compromise in Data Systems,Encountered data breaches due to obsolete security measures.,false
T09586,validation,Concerns Regarding Recent Digital Campaign Outcomes,The agency's digital marketing efforts did not succeed in enhancing brand visibility; potential segmentation mistakes and targeting problems may be responsible. Efforts made include modifying strategies and rescheduling campaigns. Kindly review this matter and offer an explanation along with potential solutions.,false
T08200,validation,Protecting Medical Data within Hospital Infrastructure,"Customer support is seeking information on essential procedures to guarantee the safety of medical data within hospital systems. Could you please supply comprehensive details on the best practices for securing medical information in hospital environments? We would be grateful for guidance on encryption techniques, access management, and network security measures. Furthermore, are there specific compliance standards that must be adhered to? We aim to implement a thorough strategy to protect sensitive patient data and prevent potential data breaches.",false
T14700,validation,(no subject),Is it possible to get information on digital strategies that can enhance brand growth? Thank you!,false
T04746,validation,(no subject),"The data analytics system has been experiencing inconsistent performance, which has affected the optimization of investments. Despite attempting to update the software, restart the systems, and check the hardware connections, the issue continues to persist. It could be due to software incompatibility or hardware issues, which are impacting the system's performance. Assistance is required to resolve the issue and ensure the system functions as expected.",false
T25026,validation,Concern Regarding Slow Reporting Feature,"A user has reported that the reporting feature is experiencing slow loading times, which may be related to recent database optimizations. Despite clearing the cache and restarting the server, the issue persists, causing significant delays in generating reports and impacting productivity. We kindly request that you look into this matter and provide a solution at your earliest convenience. If you need any additional information, please let us know.",false
T12810,validation,Problem with Project Dashboards,Users are unable to access the dashboard updates; clearing the cache resolves the issue.,false
T06746,validation,Inquiry about Detailed Specifications and Integration Guidelines for a Scalable SaaS Project Management Platform,Is it possible to provide detailed specifications and integration guidelines for a scalable SaaS project management platform? I would greatly appreciate any information on the available features and APIs for integration.,false
T04164,validation,Assistance with Data Analytics,"Customer support is seeking detailed instructions on how to utilize data analytics tools to enhance investment strategies efficiently. They are currently using the platform and believe they need proper guidance. Could you provide a step-by-step guide and share resources or best practices for using data analytics tools? Specifically, they want to learn how to identify trends, analyze market data, and make well-informed investment decisions.",false
T03521,validation,Performance Problems in SaaS Application,"Dear Customer Support, I am reporting an issue with the SaaS application's recent update affecting its performance. The application appears to be significantly slower, which I suspect may be due to conflicts with Ruby on Rails 6.1. Our team tried rolling back the update and clearing the cache, but these actions did not resolve the problem. We are concerned that this issue might impact user experience and would appreciate your assistance in resolving it promptly. Could you please investigate the matter?",false
T01509,validation,System Fails During High Traffic Periods,"Encountering repeated system failures during peak operational times, potentially due to resource contention or integration conflicts. Restarting services and clearing caches did not resolve the problem. Requesting support to identify and fix the issue.",false
T18481,validation,Alert on Data Breach in Hospital Systems,"A data breach has been detected in hospital systems, potentially compromising patient medical data. This may have occurred due to a vulnerability in the Apache Hadoop setup. Efforts to secure the data include updating software and enhancing encryption protocols. Immediate action is being taken to rectify the situation and prevent future breaches. The team is working diligently to notify affected patients and provide support. We understand the severity of the issue and are committed to protecting patient data. Please acknowledge receipt of this email.",false
T01069,validation,Firewall Connectivity Problem,"The USB hub connected to the firewall resulted in intermittent connectivity, interfering with data analytics, potentially due to firmware incompatibilities. Resetting and updating did not resolve the problem.",false
T08751,validation,Concern Regarding Data Analytics System Precision,"Customer Support, drafting a report about issues with the data analytics system to ensure precise investment insights. Although efforts such as restarting the affected applications and verifying connectivity have led to some improvements, the problem persists. Possible reasons for the issue might include software incompatibilities, corrupted data, or misconfigured analytics tools. We also consider that outdated software versions could be affecting data integration. We would be grateful if you could examine this matter and provide a prompt solution.",false
T17141,validation,Strategies for Brand Growth in Digital Space,"Customer Support, seeking information on digital strategies to enhance brand growth. Could you provide details on methods and techniques to increase brand awareness and engagement? I am particularly interested in learning about social media content marketing approaches. Additionally, I would appreciate insights on how to share and measure the success of digital strategies to make data-driven decisions. Thank you for your assistance, and I look forward to hearing from you soon.",false
T16358,validation,Support for Security Breach,"A potential security breach has been detected in the hospital's system, which could be putting patient data at risk. This might have occurred due to outdated software vulnerabilities and unauthorized access attempts. So far, network monitoring has been enhanced, and security protocols have been reviewed. Immediate assistance is required to contain and resolve the issue, ensuring the protection of sensitive patient information. Please provide guidance on the necessary steps to take and additional measures to implement to prevent future breaches.",false
T16998,validation,(no subject),"Dear Customer Support, I am reaching out to inquire about securing medical data using McAfee Total Protection for our hospital's IT needs. I would greatly appreciate some guidance on how to implement and manage the security measures. Specifically, I am interested in learning about data encryption, access controls, and threat detection. Could you provide relevant documentation and resources to help me understand the process better? I look forward to hearing from you soon. Thank you for your assistance.",false
T27606,validation,Enhance Digital Marketing for Brand Expansion,Boost customer interaction across multiple products efficiently,false
T18199,final,Problem with Account,Noticed unexpected charges on my account during a specific month across various products. It might have happened because of a billing system error or account compromise. Already confirmed that the security settings are secure and reviewed the recent transactions. Would appreciate your help in investigating and resolving this issue to prevent any future unauthorized activity.,false
T05476,final,Alteryx Integration with Node.js for Financial Data,Customer support is seeking advice on best practices for integrating Alteryx with Node.js 14.17 to analyze financial data workflows. Could you offer guidance on how to enhance data processing and visualization? Any resource recommendations would be greatly appreciated. Thank you for your assistance.,false
T19086,final,Request for Updating Digital Marketing Tools Strategies,"Seeking to update digital marketing tools strategies to enhance brand growth and engagement across various platforms. This includes social media, email marketing, and search engine optimization. We believe that by updating our tools and strategies, we can increase our online presence and reach a wider audience. Looking forward to your response to proceed with this request.",false
T11711,final,Issues with Data Analytics Software,The data analytics software is causing problems with investment evaluations because the drivers are outdated.,false
T08082,final,Support for Investment Optimization Platform,"Looking for detailed documentation and data analytics platform information related to investment optimization. Could you please provide guidance on how to get started, features, and relevant tutorials or guides? I am keen on learning how to use the platform to make data-driven investment decisions. It would be great if you could include case studies and success stories from existing customers. Thank you for your assistance, and I look forward to hearing back soon.",false
T18172,final,Inquiry on Pricing for BenQ TK850 Projector,"I am interested in purchasing the BenQ TK850 Projector and would like to know the pricing options, its compatibility with IFTTT, and any available discounts or promotions. Please inform me about any additional costs related to accessories and maintenance.",false
T04647,final,Assistance with Kubernetes Integration,Seeking guidance on integrating Redis 6.2 within Kubernetes for marketing analytics workflows. Aiming to scale the infrastructure to enhance performance. Could you supply comprehensive documentation and direct me to pertinent resources? Thank you for your assistance in ensuring proper setup.,false
T25248,final,Enhancing Investment Data Analysis with Elasticsearch,"Hello Support Team, I am reaching out to seek guidance on optimizing investment data analysis using Elasticsearch 7.13. With a large dataset, I want to ensure we get the best analysis possible. Could you provide tips and best practices for indexing, querying, and visualizing data? I would greatly appreciate recommendations on plugins or integrations that could enhance our analysis. Thank you for your time and assistance. I look forward to hearing from you soon. Regards, [Your Name]",false
T18464,final,Medical Data Security in Hospital Environment Using AWS and Apache Hadoop,"Inquiring about best practices for securing medical data in a hospital environment utilizing AWS and Apache Hadoop. Could you provide details to ensure the confidentiality, integrity, and availability of sensitive patient information? I would greatly appreciate guidance on implementing robust security measures, including encryption, access controls, and auditing. Additionally, I would like to know about the compliance requirements, specifically HIPAA, and how these can be met. Please provide information on the tools and technologies available to support secure data storage and processing.",false
T13574,final,Concern Regarding Decline in Digital Campaign Metrics,"We have observed a sudden decrease in the performance metrics of our digital campaign. This may be due to recent software updates or configuration changes. We have already attempted to troubleshoot by reviewing recent edits and adjusting targeting settings, but the issue persists. Our team has checked for errors and reviewed analytics data, but we have not been able to identify the root cause. We would greatly appreciate your assistance in resolving this matter as soon as possible. Please let us know.",false
T18691,final,(no subject),"Customer Support, we are writing to inquire about the implementation of enhanced security protocols for medical data access in communication systems across all affected products and services. It is crucial to ensure the confidentiality and integrity of sensitive medical information. We would appreciate it if you could let us know the measures that have been taken to address this issue and provide a timeline for the expected implementation. We look forward to your prompt attention to this matter and await your response soon. Please let us know if there is additional information needed to facilitate the process.",false
T11151,final,Management of API Integration Projects,Request for API Details,false
T10365,final,Support for Expanding a Digital Brand,Is there information on digital strategies that drive brand growth? Thank you.,false
T01172,final,Marketing Initiative Unsuccessful,The marketing initiative did not succeed in enhancing brand expansion despite implementing digital tactics. This may be due to targeting the wrong audience or low engagement with the content. Previous efforts involved modifying methods and refining audience segmentation to achieve better outcomes.,false
T27356,final,(no subject),"Our team is encountering performance problems with Adobe Effects and MATLAB. Despite attempts to restart, update, and reallocate resources, the slowdown continues. Insufficient RAM or software conflicts might be the cause. As a marketing agency that heavily relies on applications, this issue is hindering our productivity. We have tried various troubleshooting steps, but the problem persists. Could you please assist us in resolving this matter? We would greatly appreciate your help in getting our applications running smoothly again.",false
T15980,final,Request for Assistance with Customer Support,Our customers are facing difficulties in searching and retrieving data within the project management application due to Elasticsearch configuration problems.,false
T15659,final,Concern About Marketing Campaign Performance,"Dear Customer Support, <br>The performance of our marketing campaign is disappointing, resulting in lower than anticipated brand growth. This could be due to ineffective digital strategies or a misaligned target audience. So far, after analyzing our analytics data and adjusting ad targeting parameters, we have seen minimal improvement. We would greatly appreciate your guidance and recommendations to help improve the campaign's performance.",false
T19076,final,Improve Hospital Security Protocols,"Requesting improvements to security protocols, focusing on medical data management and hospital infrastructure. The current system has several vulnerabilities that need to be addressed to ensure the confidentiality and integrity of patient data. I would like the security protocols to be reviewed and updated, including the addition of advanced threat detection and prevention measures. Additionally, I request that affected products be updated to include these new security protocols to help protect patient data and prevent breaches.",false
T19790,final,Support for Digital Marketing Campaign,"The recent digital marketing campaign has seen lower engagement than expected, possibly due to targeting and content relevance issues. After analyzing the audience metrics and adjusting the parameters, the results are still suboptimal.",false
T22127,final,Enhancing Security for Medical Data in Hospital Solutions,"Customer Support, seeking clarification on the security measures implemented for medical data in hospital solutions. Would greatly appreciate detailed guidance on the systems that protect sensitive patient information. Please include information on data encryption, access controls, and compliance with regulatory requirements. Thank you for your assistance, and I look forward to hearing back soon. Please let us know if there is any additional information needed for a detailed response.",false
T03020,final,Issues with Financial Data Processing,"A financial organization encountered delays in data processing, which affected their investment analysis. The delays might be due to software compatibility problems. They have restarted their systems and updated drivers but to no avail. These delays have caused considerable operational disruptions, raising concerns about potential business impacts. They would appreciate it if you could urgently investigate the matter and provide a resolution as soon as possible. Please advise on any additional steps required or information needed from us.",false
T11660,final,Customer Support Digital Brand Growth Strategies,Could you provide more details on digital strategies that enhance brand growth? This would greatly help me understand how to improve our brand's online presence. I am very interested in learning about the latest trends and practices in digital marketing. Thank you for your time and assistance. I look forward to hearing back soon.,false
T14146,final,Concern about Data Analytics Tool,The data analytics tool is generating inconsistent results. Recent software updates might be causing data input errors. Efforts to revert to previous versions and validate input data were unsuccessful.,false
T23585,final,Concern about Billing,"Dear Customer Support, I am reporting a billing discrepancy that is impacting the usage of several software products at our financial firm. The issue might be related to a problem with system integration. After verifying our account details and reprocessing recent transactions, the issue still persists. These discrepancies are causing delays in our operations and we urgently need your assistance to resolve this matter. Could you please provide a convenient time for a call at <tel_num> to address this issue as soon as possible? We greatly appreciate your prompt attention to this issue.",false
T14575,final,Inquiry for Pricing of Zoho Books Integration,"Hello Customer Support, I am writing to inquire about the pricing for integrating Zoho Books into our project management software. Could you please provide a detailed breakdown of the costs involved? I would like to know about any additional fees for setup, maintenance, and support. Additionally, are there any discounts available for long-term commitments or bulk subscriptions? I am interested in learning about the features and benefits of the integration and how it can enhance our overall project management experience. Could you also provide any case studies or testimonials from existing customers that I can review? Thank you.",false
T19257,final,Facing Challenges with Digital Tool Integration,Encountering difficulties in integrating marketing strategies.,false
T14556,final,Assistance with Technical Problems at Marketing Agency,We noticed a decline in engagement metrics at the agency. We believe there might be technical issues affecting ad campaigns.,false
T13020,final,Problem with Data Integration on AWS,"Facing issues with data integration on the H2O.ai AWS setup, which is causing delays in investment analysis. The problem might have arisen due to recent updates in AWS configurations. Steps taken include restarting services and checking for connectivity issues, but the problem still persists. The team has tried various troubleshooting steps but is unable to resolve it. We would appreciate your help in resolving this matter as soon as possible.",false
T00823,final,Issue Impacting Several Devices,"Customer Support,\n\nWe are currently facing an incident impacting multiple software-enabled devices, such as Surface Pro, Windows 10 Pro, and various smart peripherals. The problem is leading to major disruptions in operations. Possible reasons could include a malware intrusion or a failed software update. Initial troubleshooting efforts, like rebooting the devices and isolating the impacted network segments, have resolved the issue temporarily. We urgently need assistance to diagnose and resolve the problem promptly to minimize downtime.",false
T01187,final,Unexpected Downtime on SaaS Platform,"The SaaS platform encountered an unexpected outage. After restarting the servers and reviewing the logs, the issue still persists. There is a possibility of server overload due to recent deployment issues. Users have been affected.",false
