method,historical_list_churn_rate,assumed_save_rate,net_per_1000_contacts,break_even_save_rate
contract,0.398576512455516,0.1,-3569.395017793595,0.23568722943722945
contract,0.398576512455516,0.15,-2254.092526690392,0.23568722943722945
contract,0.398576512455516,0.2,-938.7900355871892,0.23568722943722945
logistic,0.693950177935943,0.1,-1619.9288256227762,0.1353690753690754
logistic,0.693950177935943,0.15,670.1067615658358,0.1353690753690754
logistic,0.693950177935943,0.2,2960.142348754448,0.1353690753690754
trees,0.693950177935943,0.1,-1619.9288256227762,0.1353690753690754
trees,0.693950177935943,0.15,670.1067615658358,0.1353690753690754
trees,0.693950177935943,0.2,2960.142348754448,0.1353690753690754
