source_row,partition
0,validation
1,train
2,test
3,train
4,validation
5,validation
6,train
7,train
8,validation
9,train
10,train
11,test
12,train
13,train
14,train
15,train
16,train
17,train
18,train
19,train
20,train
21,train
22,train
23,train
24,train
25,train
26,train
27,validation
28,validation
29,test
30,test
31,validation
32,validation
33,train
34,train
35,validation
36,test
37,validation
38,train
39,validation
40,validation
41,train
42,validation
43,train
44,train
45,train
46,train
47,train
48,train
49,train
50,validation
51,train
52,train
53,train
54,train
55,test
56,test
57,train
58,train
59,train
60,train
61,test
62,train
63,train
64,train
65,validation
66,validation
67,train
68,train
69,train
70,train
71,test
72,train
73,test
74,validation
75,validation
76,train
77,test
78,train
79,test
80,test
81,train
82,validation
83,validation
84,test
85,train
86,train
87,train
88,validation
89,train
90,train
91,train
92,train
93,train
94,validation
95,train
96,test
97,train
98,validation
99,train
100,train
101,test
102,test
103,validation
104,validation
105,train
106,validation
107,train
108,validation
109,train
110,train
111,train
112,train
113,train
114,train
115,train
116,validation
117,validation
118,train
119,validation
120,train
121,validation
122,train
123,validation
124,train
125,test
126,train
127,train
128,train
129,validation
130,test
131,test
132,validation
133,train
134,test
135,test
136,validation
137,train
138,train
139,train
140,test
141,validation
142,train
143,train
144,train
145,validation
146,test
147,train
148,test
149,train
150,train
151,test
152,validation
153,validation
154,train
155,train
156,train
157,test
158,train
159,train
160,test
161,train
162,train
163,train
164,validation
165,validation
166,train
167,test
168,train
169,test
170,train
171,train
172,validation
173,train
174,train
175,train
176,train
177,train
178,train
179,train
180,train
181,validation
182,train
183,train
184,train
185,validation
186,train
187,validation
188,test
189,train
190,train
191,train
192,validation
193,train
194,train
195,test
196,test
197,train
198,train
199,validation
200,validation
201,test
202,validation
203,train
204,validation
205,train
206,validation
207,train
208,train
209,train
210,train
211,train
212,validation
213,train
214,train
215,train
216,validation
217,test
218,validation
219,train
220,validation
221,validation
222,train
223,train
224,train
225,test
226,train
227,train
228,train
229,test
230,train
231,train
232,train
233,train
234,validation
235,validation
236,train
237,validation
238,train
239,validation
240,train
241,validation
242,validation
243,train
244,validation
245,train
246,train
247,train
248,train
249,train
250,train
251,train
252,test
253,train
254,train
255,validation
256,test
257,train
258,test
259,train
260,train
261,train
262,validation
263,validation
264,test
265,train
266,test
267,train
268,test
269,train
270,validation
271,train
272,validation
273,test
274,train
275,validation
276,test
277,train
278,test
279,test
280,test
281,validation
282,train
283,test
284,test
285,test
286,train
287,train
288,train
289,train
290,test
291,train
292,test
293,train
294,train
295,train
296,train
297,train
298,test
299,train
300,train
301,train
302,train
303,test
304,train
305,train
306,train
307,train
308,train
309,train
310,validation
311,train
312,test
313,train
314,train
315,train
316,validation
317,train
318,train
319,test
320,train
321,train
322,test
323,train
324,train
325,train
326,test
327,train
328,train
329,train
330,train
331,train
332,train
333,validation
334,train
335,train
336,validation
337,train
338,test
339,validation
340,train
341,train
342,train
343,train
344,test
345,test
346,validation
347,train
348,train
349,train
350,validation
351,train
352,test
353,train
354,test
355,train
356,train
357,train
358,train
359,train
360,validation
361,validation
362,train
363,train
364,test
365,train
366,train
367,train
368,test
369,train
370,test
371,test
372,train
373,train
374,train
375,validation
376,test
377,test
378,test
379,train
380,train
381,validation
382,validation
383,train
384,train
385,train
386,test
387,train
388,validation
389,train
390,train
391,train
392,train
393,test
394,validation
395,train
396,train
397,train
398,train
399,train
400,train
401,train
402,test
403,train
404,validation
405,train
406,train
407,train
408,validation
409,train
410,validation
411,train
412,train
413,validation
414,train
415,validation
416,validation
417,train
418,test
419,train
420,validation
421,train
422,train
423,test
424,train
425,train
426,train
427,test
428,train
429,train
430,test
431,train
432,train
433,test
434,validation
435,train
436,train
437,test
438,train
439,validation
440,train
441,train
442,train
443,train
444,validation
445,train
446,test
447,validation
448,train
449,validation
450,train
451,validation
452,train
453,train
454,train
455,validation
456,test
457,test
458,train
459,train
460,train
461,train
462,validation
463,test
464,train
465,test
466,train
467,train
468,train
469,train
470,validation
471,validation
472,train
473,train
474,validation
475,validation
476,train
477,train
478,train
479,train
480,train
481,train
482,validation
483,train
484,validation
485,test
486,validation
487,validation
488,train
489,validation
490,train
491,test
492,train
493,train
494,train
495,validation
496,validation
497,train
498,train
499,train
500,validation
501,validation
502,validation
503,test
504,train
505,test
506,validation
507,validation
508,train
509,train
510,train
511,train
512,validation
513,train
514,train
515,validation
516,train
517,train
518,train
519,train
520,train
521,validation
522,train
523,train
524,train
525,train
526,train
527,validation
528,train
529,train
530,train
531,validation
532,train
533,test
534,train
535,train
536,train
537,validation
538,train
539,train
540,validation
541,test
542,train
543,validation
544,test
545,train
546,train
547,test
548,train
549,train
550,train
551,train
552,test
553,train
554,test
555,train
556,train
557,test
558,validation
559,train
560,train
561,train
562,train
563,train
564,test
565,validation
566,train
567,train
568,train
569,train
570,train
571,train
572,test
573,train
574,test
575,test
576,validation
577,test
578,train
579,train
580,train
581,train
582,test
583,test
584,train
585,train
586,train
587,train
588,test
589,validation
590,train
591,train
592,test
593,train
594,validation
595,train
596,validation
597,validation
598,train
599,train
600,train
601,train
602,train
603,validation
604,train
605,train
606,train
607,train
608,validation
609,train
610,test
611,test
612,train
613,train
614,train
615,train
616,train
617,validation
618,train
619,validation
620,validation
621,train
622,train
623,train
624,train
625,train
626,train
627,test
628,train
629,train
630,train
631,train
632,train
633,validation
634,train
635,train
636,train
637,train
638,validation
639,validation
640,train
641,test
642,train
643,test
644,train
645,train
646,train
647,train
648,test
649,train
650,validation
651,validation
652,train
653,train
654,train
655,test
656,train
657,validation
658,validation
659,train
660,train
661,validation
662,train
663,train
664,test
665,validation
666,test
667,train
668,test
669,train
670,train
671,train
672,test
673,train
674,train
675,validation
676,validation
677,train
678,test
679,train
680,test
681,validation
682,train
683,validation
684,validation
685,test
686,validation
687,train
688,train
689,train
690,train
691,train
692,train
693,test
694,train
695,train
696,train
697,test
698,train
699,validation
700,validation
701,validation
702,train
703,train
704,train
705,train
706,train
707,train
708,train
709,test
710,test
711,train
712,train
713,train
714,train
715,validation
716,train
717,validation
718,train
719,train
720,test
721,train
722,train
723,train
724,train
725,test
726,train
727,train
728,train
729,train
730,test
731,train
732,train
733,test
734,test
735,train
736,train
737,train
738,train
739,train
740,test
741,train
742,validation
743,train
744,test
745,test
746,train
747,train
748,train
749,train
750,train
751,train
752,test
753,train
754,train
755,train
756,test
757,train
758,validation
759,validation
760,train
761,validation
762,test
763,train
764,train
765,validation
766,train
767,train
768,validation
769,train
770,train
771,train
772,test
773,validation
774,train
775,test
776,train
777,test
778,validation
779,train
780,validation
781,train
782,test
783,train
784,train
785,validation
786,train
787,validation
788,test
789,validation
790,validation
791,test
792,train
793,train
794,train
795,train
796,train
797,train
798,test
799,validation
800,validation
801,validation
802,test
803,test
804,validation
805,validation
806,train
807,train
808,train
809,train
810,validation
811,train
812,train
813,train
814,test
815,test
816,test
817,train
818,train
819,test
820,train
821,train
822,test
823,train
824,train
825,test
826,train
827,train
828,test
829,train
830,train
831,train
832,validation
833,train
834,test
835,test
836,validation
837,test
838,test
839,train
840,test
841,train
842,train
843,train
844,train
845,validation
846,test
847,validation
848,train
849,train
850,train
851,validation
852,train
853,train
854,test
855,train
856,train
857,train
858,test
859,train
860,validation
861,test
862,test
863,train
864,test
865,test
866,test
867,test
868,train
869,train
870,train
871,test
872,train
873,validation
874,train
875,train
876,train
877,train
878,train
879,test
880,test
881,train
882,train
883,validation
884,validation
885,train
886,train
887,validation
888,train
889,test
890,validation
891,train
892,test
893,train
894,train
895,train
896,train
897,train
898,train
899,train
900,test
901,test
902,test
903,train
904,test
905,test
906,train
907,train
908,train
909,train
910,train
911,train
912,validation
913,train
914,train
915,train
916,train
917,train
918,train
919,train
920,train
921,train
922,train
923,validation
924,train
925,validation
926,train
927,train
928,train
929,train
930,train
931,train
932,test
933,test
934,validation
935,validation
936,test
937,train
938,train
939,train
940,train
941,train
942,train
943,test
944,train
945,test
946,test
947,train
948,train
949,validation
950,train
951,train
952,train
953,train
954,train
955,test
956,test
957,train
958,train
959,validation
960,validation
961,train
962,train
963,test
964,train
965,validation
966,train
967,train
968,train
969,train
970,train
971,test
972,train
973,train
974,test
975,test
976,train
977,train
978,validation
979,train
980,train
981,validation
982,train
983,train
984,validation
985,train
986,validation
987,test
988,train
989,validation
990,train
991,test
992,validation
993,validation
994,test
995,train
996,train
997,test
998,test
999,train
1000,validation
1001,train
1002,train
1003,train
1004,train
1005,train
1006,test
1007,validation
1008,validation
1009,train
1010,train
1011,validation
1012,train
1013,train
1014,train
1015,validation
1016,validation
1017,validation
1018,test
1019,validation
1020,train
1021,train
1022,validation
1023,test
1024,validation
1025,train
1026,train
1027,validation
1028,test
1029,train
1030,train
1031,validation
1032,train
1033,train
1034,validation
1035,train
1036,test
1037,test
1038,train
1039,train
1040,validation
1041,test
1042,train
1043,test
1044,validation
1045,train
1046,train
1047,validation
1048,train
1049,validation
1050,train
1051,train
1052,train
1053,test
1054,train
1055,train
1056,validation
1057,train
1058,test
1059,validation
1060,train
1061,train
1062,train
1063,test
1064,train
1065,train
1066,train
1067,train
1068,train
1069,train
1070,test
1071,validation
1072,validation
1073,train
1074,train
1075,test
1076,train
1077,validation
1078,train
1079,test
1080,train
1081,test
1082,validation
1083,test
1084,train
1085,train
1086,validation
1087,train
1088,train
1089,test
1090,validation
1091,train
1092,validation
1093,train
1094,train
1095,test
1096,test
1097,validation
1098,train
1099,test
1100,validation
1101,train
1102,train
1103,train
1104,validation
1105,test
1106,test
1107,train
1108,validation
1109,test
1110,train
1111,train
1112,test
1113,train
1114,test
1115,validation
1116,test
1117,train
1118,train
1119,validation
1120,test
1121,train
1122,train
1123,validation
1124,train
1125,train
1126,train
1127,train
1128,validation
1129,train
1130,train
1131,train
1132,train
1133,train
1134,test
1135,train
1136,validation
1137,train
1138,train
1139,train
1140,train
1141,train
1142,validation
1143,train
1144,train
1145,train
1146,validation
1147,train
1148,test
1149,train
1150,train
1151,test
1152,train
1153,train
1154,train
1155,validation
1156,train
1157,train
1158,validation
1159,train
1160,validation
1161,validation
1162,test
1163,train
1164,train
1165,train
1166,train
1167,train
1168,train
1169,train
1170,train
1171,train
1172,train
1173,train
1174,validation
1175,validation
1176,validation
1177,train
1178,validation
1179,train
1180,train
1181,test
1182,train
1183,validation
1184,validation
1185,validation
1186,test
1187,train
1188,train
1189,train
1190,validation
1191,train
1192,validation
1193,train
1194,test
1195,validation
1196,train
1197,validation
1198,train
1199,train
1200,train
1201,train
1202,train
1203,validation
1204,test
1205,train
1206,test
1207,train
1208,train
1209,train
1210,train
1211,train
1212,train
1213,train
1214,validation
1215,train
1216,train
1217,train
1218,train
1219,test
1220,test
1221,test
1222,validation
1223,train
1224,validation
1225,test
1226,train
1227,train
1228,test
1229,validation
1230,train
1231,train
1232,test
1233,validation
1234,train
1235,train
1236,validation
1237,train
1238,validation
1239,validation
1240,test
1241,train
1242,train
1243,validation
1244,train
1245,train
1246,test
1247,train
1248,test
1249,train
1250,test
1251,train
1252,train
1253,train
1254,train
1255,train
1256,train
1257,test
1258,train
1259,train
1260,validation
1261,train
1262,test
1263,train
1264,validation
1265,train
1266,train
1267,train
1268,train
1269,train
1270,train
1271,train
1272,train
1273,train
1274,train
1275,validation
1276,train
1277,train
1278,train
1279,validation
1280,test
1281,test
1282,test
1283,train
1284,validation
1285,train
1286,train
1287,validation
1288,train
1289,train
1290,train
1291,train
1292,test
1293,test
1294,train
1295,train
1296,train
1297,test
1298,train
1299,validation
1300,train
1301,train
1302,train
1303,train
1304,test
1305,train
1306,test
1307,test
1308,test
1309,train
1310,test
1311,validation
1312,train
1313,train
1314,test
1315,validation
1316,train
1317,train
1318,test
1319,train
1320,validation
1321,train
1322,train
1323,train
1324,validation
1325,train
1326,test
1327,test
1328,train
1329,train
1330,train
1331,train
1332,train
1333,train
1334,validation
1335,train
1336,train
1337,test
1338,train
1339,train
1340,validation
1341,train
1342,train
1343,train
1344,test
1345,train
1346,train
1347,validation
1348,validation
1349,train
1350,train
1351,train
1352,train
1353,train
1354,test
1355,train
1356,train
1357,test
1358,train
1359,train
1360,validation
1361,train
1362,train
1363,train
1364,train
1365,validation
1366,train
1367,validation
1368,train
1369,validation
1370,test
1371,validation
1372,test
1373,train
1374,test
1375,train
1376,train
1377,train
1378,train
1379,train
1380,train
1381,test
1382,train
1383,validation
1384,train
1385,train
1386,validation
1387,validation
1388,train
1389,test
1390,train
1391,train
1392,validation
1393,test
1394,test
1395,validation
1396,train
1397,train
1398,validation
1399,test
1400,validation
1401,train
1402,test
1403,train
1404,train
1405,train
1406,validation
1407,train
1408,validation
1409,train
1410,train
1411,train
1412,train
1413,train
1414,test
1415,validation
1416,train
1417,train
1418,train
1419,train
1420,validation
1421,train
1422,train
1423,test
1424,train
1425,train
1426,train
1427,test
1428,train
1429,train
1430,train
1431,test
1432,test
1433,train
1434,train
1435,train
1436,test
1437,validation
1438,train
1439,test
1440,train
1441,test
1442,train
1443,train
1444,train
1445,test
1446,train
1447,test
1448,train
1449,validation
1450,train
1451,train
1452,train
1453,validation
1454,validation
1455,train
1456,test
1457,train
1458,train
1459,train
1460,train
1461,test
1462,train
1463,test
1464,train
1465,train
1466,validation
1467,train
1468,train
1469,train
1470,train
1471,train
1472,train
1473,test
1474,train
1475,test
1476,train
1477,train
1478,train
1479,test
1480,validation
1481,test
1482,train
1483,test
1484,train
1485,train
1486,validation
1487,train
1488,train
1489,validation
1490,validation
1491,train
1492,train
1493,validation
1494,train
1495,train
1496,train
1497,validation
1498,train
1499,validation
1500,train
1501,test
1502,train
1503,test
1504,train
1505,validation
1506,train
1507,train
1508,validation
1509,train
1510,train
1511,test
1512,train
1513,validation
1514,train
1515,train
1516,train
1517,train
1518,train
1519,train
1520,train
1521,test
1522,train
1523,train
1524,train
1525,validation
1526,test
1527,test
1528,train
1529,train
1530,validation
1531,train
1532,validation
1533,train
1534,validation
1535,train
1536,test
1537,test
1538,train
1539,test
1540,test
1541,train
1542,train
1543,train
1544,train
1545,train
1546,train
1547,validation
1548,test
1549,train
1550,train
1551,train
1552,test
1553,test
1554,validation
1555,train
1556,train
1557,train
1558,train
1559,train
1560,train
1561,test
1562,train
1563,validation
1564,validation
1565,test
1566,validation
1567,validation
1568,train
1569,train
1570,train
1571,validation
1572,train
1573,train
1574,train
1575,validation
1576,test
1577,validation
1578,validation
1579,test
1580,train
1581,test
1582,test
1583,test
1584,validation
1585,train
1586,validation
1587,train
1588,train
1589,train
1590,test
1591,train
1592,train
1593,test
1594,train
1595,train
1596,train
1597,validation
1598,test
1599,train
1600,train
1601,test
1602,train
1603,train
1604,train
1605,train
1606,train
1607,train
1608,train
1609,validation
1610,train
1611,validation
1612,train
1613,train
1614,train
1615,train
1616,test
1617,validation
1618,train
1619,train
1620,train
1621,train
1622,train
1623,train
1624,test
1625,train
1626,validation
1627,train
1628,test
1629,test
1630,train
1631,test
1632,validation
1633,train
1634,validation
1635,test
1636,train
1637,validation
1638,test
1639,train
1640,validation
1641,train
1642,validation
1643,train
1644,test
1645,train
1646,test
1647,test
1648,train
1649,train
1650,test
1651,train
1652,validation
1653,test
1654,validation
1655,validation
1656,test
1657,train
1658,train
1659,validation
1660,test
1661,train
1662,train
1663,validation
1664,train
1665,train
1666,train
1667,test
1668,test
1669,validation
1670,test
1671,test
1672,train
1673,train
1674,train
1675,test
1676,train
1677,validation
1678,test
1679,train
1680,train
1681,train
1682,validation
1683,train
1684,train
1685,test
1686,train
1687,train
1688,validation
1689,train
1690,train
1691,train
1692,validation
1693,train
1694,test
1695,validation
1696,train
1697,train
1698,validation
1699,test
1700,test
1701,train
1702,train
1703,train
1704,test
1705,train
1706,train
1707,validation
1708,test
1709,test
1710,train
1711,test
1712,train
1713,train
1714,validation
1715,train
1716,validation
1717,train
1718,train
1719,train
1720,train
1721,train
1722,train
1723,train
1724,train
1725,train
1726,test
1727,train
1728,train
1729,train
1730,validation
1731,train
1732,train
1733,test
1734,train
1735,train
1736,train
1737,train
1738,train
1739,train
1740,train
1741,train
1742,train
1743,train
1744,validation
1745,train
1746,train
1747,train
1748,validation
1749,train
1750,validation
1751,train
1752,train
1753,validation
1754,test
1755,test
1756,train
1757,test
1758,train
1759,train
1760,train
1761,test
1762,validation
1763,train
1764,test
1765,test
1766,validation
1767,test
1768,validation
1769,train
1770,train
1771,train
1772,train
1773,train
1774,train
1775,test
1776,train
1777,test
1778,test
1779,test
1780,validation
1781,train
1782,train
1783,train
1784,test
1785,train
1786,validation
1787,test
1788,test
1789,test
1790,train
1791,validation
1792,train
1793,test
1794,train
1795,train
1796,train
1797,train
1798,train
1799,train
1800,train
1801,test
1802,train
1803,validation
1804,train
1805,validation
1806,train
1807,test
1808,train
1809,train
1810,test
1811,train
1812,validation
1813,validation
1814,train
1815,train
1816,train
1817,test
1818,test
1819,validation
1820,train
1821,train
1822,train
1823,train
1824,validation
1825,train
1826,validation
1827,train
1828,test
1829,validation
1830,train
1831,train
1832,train
1833,validation
1834,train
1835,train
1836,test
1837,train
1838,train
1839,train
1840,train
1841,validation
1842,train
1843,train
1844,train
1845,train
1846,test
1847,train
1848,train
1849,train
1850,train
1851,train
1852,validation
1853,train
1854,train
1855,validation
1856,train
1857,train
1858,train
1859,train
1860,train
1861,validation
1862,train
1863,train
1864,train
1865,validation
1866,train
1867,test
1868,train
1869,train
1870,train
1871,train
1872,validation
1873,train
1874,test
1875,validation
1876,train
1877,train
1878,train
1879,train
1880,test
1881,train
1882,train
1883,test
1884,train
1885,train
1886,test
1887,train
1888,train
1889,test
1890,train
1891,test
1892,train
1893,train
1894,train
1895,train
1896,train
1897,train
1898,train
1899,validation
1900,validation
1901,test
1902,train
1903,train
1904,train
1905,test
1906,train
1907,test
1908,validation
1909,validation
1910,train
1911,train
1912,train
1913,train
1914,train
1915,test
1916,train
1917,validation
1918,test
1919,train
1920,train
1921,train
1922,train
1923,validation
1924,train
1925,train
1926,train
1927,train
1928,test
1929,train
1930,train
1931,train
1932,train
1933,train
1934,validation
1935,test
1936,train
1937,train
1938,train
1939,train
1940,test
1941,validation
1942,train
1943,train
1944,train
1945,validation
1946,validation
1947,test
1948,test
1949,train
1950,test
1951,train
1952,validation
1953,train
1954,train
1955,train
1956,train
1957,train
1958,test
1959,train
1960,train
1961,train
1962,train
1963,train
1964,test
1965,train
1966,validation
1967,train
1968,validation
1969,test
1970,test
1971,train
1972,train
1973,test
1974,train
1975,train
1976,validation
1977,train
1978,train
1979,train
1980,train
1981,train
1982,train
1983,test
1984,train
1985,train
1986,train
1987,train
1988,validation
1989,test
1990,train
1991,validation
1992,train
1993,validation
1994,train
1995,test
1996,test
1997,train
1998,train
1999,test
2000,train
2001,train
2002,train
2003,train
2004,train
2005,train
2006,validation
2007,train
2008,validation
2009,validation
2010,train
2011,train
2012,train
2013,test
2014,train
2015,test
2016,test
2017,train
2018,test
2019,train
2020,validation
2021,train
2022,test
2023,train
2024,validation
2025,train
2026,validation
2027,train
2028,train
2029,train
2030,train
2031,test
2032,validation
2033,validation
2034,train
2035,train
2036,train
2037,train
2038,train
2039,validation
2040,train
2041,validation
2042,train
2043,test
2044,train
2045,test
2046,train
2047,train
2048,train
2049,train
2050,validation
2051,train
2052,validation
2053,validation
2054,test
2055,train
2056,test
2057,validation
2058,train
2059,validation
2060,train
2061,validation
2062,train
2063,train
2064,test
2065,validation
2066,validation
2067,train
2068,test
2069,train
2070,train
2071,train
2072,train
2073,train
2074,train
2075,validation
2076,train
2077,validation
2078,train
2079,test
2080,test
2081,train
2082,train
2083,validation
2084,test
2085,validation
2086,train
2087,train
2088,train
2089,validation
2090,train
2091,test
2092,train
2093,train
2094,test
2095,test
2096,train
2097,validation
2098,validation
2099,train
2100,test
2101,train
2102,train
2103,test
2104,test
2105,train
2106,train
2107,train
2108,test
2109,train
2110,train
2111,train
2112,train
2113,train
2114,test
2115,train
2116,test
2117,train
2118,train
2119,train
2120,test
2121,validation
2122,train
2123,train
2124,validation
2125,validation
2126,validation
2127,validation
2128,train
2129,train
2130,train
2131,train
2132,validation
2133,test
2134,train
2135,train
2136,test
2137,train
2138,validation
2139,train
2140,train
2141,train
2142,train
2143,train
2144,validation
2145,validation
2146,train
2147,test
2148,test
2149,train
2150,train
2151,test
2152,train
2153,validation
2154,train
2155,test
2156,test
2157,train
2158,train
2159,validation
2160,test
2161,test
2162,train
2163,train
2164,test
2165,test
2166,train
2167,test
2168,train
2169,validation
2170,train
2171,train
2172,test
2173,validation
2174,validation
2175,validation
2176,train
2177,train
2178,train
2179,train
2180,test
2181,test
2182,train
2183,train
2184,train
2185,validation
2186,validation
2187,train
2188,train
2189,validation
2190,train
2191,train
2192,validation
2193,test
2194,train
2195,train
2196,test
2197,test
2198,train
2199,validation
2200,train
2201,train
2202,train
2203,train
2204,train
2205,validation
2206,train
2207,train
2208,train
2209,validation
2210,train
2211,validation
2212,validation
2213,validation
2214,train
2215,validation
2216,test
2217,validation
2218,train
2219,train
2220,test
2221,validation
2222,validation
2223,train
2224,test
2225,validation
2226,test
2227,validation
2228,train
2229,test
2230,train
2231,train
2232,train
2233,train
2234,validation
2235,train
2236,train
2237,validation
2238,train
2239,validation
2240,train
2241,train
2242,validation
2243,train
2244,validation
2245,test
2246,validation
2247,train
2248,train
2249,train
2250,test
2251,train
2252,test
2253,train
2254,train
2255,validation
2256,validation
2257,train
2258,train
2259,train
2260,train
2261,train
2262,validation
2263,train
2264,train
2265,train
2266,validation
2267,validation
2268,train
2269,train
2270,validation
2271,test
2272,train
2273,validation
2274,train
2275,train
2276,test
2277,train
2278,test
2279,validation
2280,train
2281,train
2282,test
2283,train
2284,validation
2285,test
2286,validation
2287,train
2288,validation
2289,validation
2290,train
2291,train
2292,test
2293,test
2294,test
2295,test
2296,train
2297,test
2298,train
2299,test
2300,train
2301,validation
2302,train
2303,train
2304,train
2305,train
2306,train
2307,train
2308,train
2309,train
2310,train
2311,train
2312,train
2313,test
2314,train
2315,train
2316,train
2317,train
2318,train
2319,validation
2320,train
2321,test
2322,train
2323,test
2324,train
2325,test
2326,train
2327,train
2328,test
2329,train
2330,validation
2331,train
2332,train
2333,train
2334,validation
2335,train
2336,validation
2337,test
2338,train
2339,validation
2340,train
2341,train
2342,validation
2343,train
2344,validation
2345,train
2346,train
2347,validation
2348,validation
2349,train
2350,train
2351,test
2352,validation
2353,train
2354,test
2355,train
2356,train
2357,test
2358,train
2359,train
2360,validation
2361,train
2362,train
2363,validation
2364,train
2365,test
2366,train
2367,test
2368,test
2369,train
2370,train
2371,train
2372,train
2373,test
2374,train
2375,train
2376,test
2377,train
2378,test
2379,test
2380,test
2381,train
2382,train
2383,train
2384,train
2385,train
2386,train
2387,train
2388,train
2389,train
2390,train
2391,validation
2392,train
2393,train
2394,train
2395,train
2396,validation
2397,train
2398,train
2399,train
2400,validation
2401,test
2402,train
2403,test
2404,train
2405,validation
2406,train
2407,train
2408,test
2409,test
2410,train
2411,train
2412,test
2413,validation
2414,test
2415,train
2416,train
2417,train
2418,train
2419,train
2420,train
2421,validation
2422,train
2423,train
2424,train
2425,test
2426,test
2427,test
2428,test
2429,test
2430,train
2431,train
2432,test
2433,train
2434,validation
2435,validation
2436,train
2437,train
2438,train
2439,validation
2440,test
2441,validation
2442,train
2443,train
2444,train
2445,test
2446,train
2447,train
2448,train
2449,train
2450,train
2451,test
2452,train
2453,train
2454,train
2455,train
2456,train
2457,train
2458,validation
2459,train
2460,train
2461,validation
2462,validation
2463,validation
2464,train
2465,validation
2466,validation
2467,train
2468,test
2469,train
2470,train
2471,train
2472,test
2473,train
2474,train
2475,train
2476,train
2477,train
2478,train
2479,train
2480,train
2481,train
2482,train
2483,train
2484,train
2485,test
2486,test
2487,train
2488,train
2489,test
2490,test
2491,test
2492,test
2493,validation
2494,validation
2495,test
2496,validation
2497,train
2498,validation
2499,train
2500,test
2501,train
2502,test
2503,train
2504,train
2505,train
2506,validation
2507,train
2508,train
2509,validation
2510,validation
2511,test
2512,test
2513,train
2514,train
2515,train
2516,train
2517,train
2518,validation
2519,validation
2520,validation
2521,train
2522,train
2523,test
2524,train
2525,validation
2526,test
2527,test
2528,train
2529,test
2530,train
2531,train
2532,validation
2533,train
2534,validation
2535,test
2536,test
2537,train
2538,validation
2539,train
2540,train
2541,train
2542,test
2543,validation
2544,train
2545,test
2546,test
2547,test
2548,validation
2549,train
2550,train
2551,train
2552,train
2553,validation
2554,train
2555,train
2556,validation
2557,train
2558,train
2559,test
2560,test
2561,test
2562,train
2563,train
2564,validation
2565,train
2566,train
2567,validation
2568,validation
2569,train
2570,train
2571,validation
2572,test
2573,train
2574,validation
2575,train
2576,train
2577,train
2578,validation
2579,train
2580,validation
2581,test
2582,test
2583,train
2584,train
2585,validation
2586,train
2587,train
2588,train
2589,test
2590,train
2591,train
2592,train
2593,train
2594,train
2595,train
2596,train
2597,validation
2598,validation
2599,train
2600,train
2601,train
2602,validation
2603,validation
2604,train
2605,test
2606,train
2607,test
2608,train
2609,validation
2610,train
2611,validation
2612,train
2613,validation
2614,train
2615,train
2616,test
2617,train
2618,train
2619,test
2620,test
2621,test
2622,train
2623,train
2624,train
2625,validation
2626,train
2627,train
2628,train
2629,train
2630,train
2631,train
2632,train
2633,train
2634,train
2635,train
2636,train
2637,train
2638,train
2639,train
2640,train
2641,train
2642,train
2643,validation
2644,train
2645,test
2646,train
2647,validation
2648,train
2649,train
2650,test
2651,train
2652,train
2653,train
2654,train
2655,train
2656,train
2657,test
2658,test
2659,train
2660,test
2661,validation
2662,train
2663,test
2664,train
2665,test
2666,validation
2667,train
2668,train
2669,train
2670,test
2671,train
2672,validation
2673,validation
2674,train
2675,train
2676,train
2677,train
2678,train
2679,validation
2680,validation
2681,test
2682,test
2683,test
2684,train
2685,train
2686,train
2687,train
2688,train
2689,test
2690,train
2691,train
2692,validation
2693,validation
2694,train
2695,train
2696,train
2697,train
2698,validation
2699,train
2700,train
2701,train
2702,train
2703,validation
2704,test
2705,train
2706,test
2707,train
2708,train
2709,train
2710,test
2711,train
2712,validation
2713,validation
2714,train
2715,test
2716,train
2717,validation
2718,validation
2719,train
2720,train
2721,train
2722,train
2723,train
2724,train
2725,train
2726,validation
2727,test
2728,test
2729,validation
2730,train
2731,train
2732,test
2733,train
2734,test
2735,test
2736,test
2737,validation
2738,train
2739,train
2740,train
2741,train
2742,train
2743,train
2744,test
2745,test
2746,test
2747,train
2748,train
2749,train
2750,train
2751,train
2752,test
2753,train
2754,train
2755,test
2756,validation
2757,train
2758,test
2759,train
2760,train
2761,train
2762,test
2763,train
2764,train
2765,test
2766,train
2767,validation
2768,validation
2769,train
2770,train
2771,train
2772,train
2773,train
2774,validation
2775,train
2776,validation
2777,validation
2778,train
2779,train
2780,train
2781,validation
2782,train
2783,test
2784,test
2785,validation
2786,train
2787,train
2788,validation
2789,train
2790,test
2791,validation
2792,train
2793,train
2794,test
2795,train
2796,train
2797,train
2798,train
2799,train
2800,train
2801,test
2802,train
2803,train
2804,train
2805,train
2806,train
2807,train
2808,validation
2809,train
2810,train
2811,train
2812,test
2813,train
2814,train
2815,train
2816,test
2817,validation
2818,train
2819,train
2820,test
2821,train
2822,test
2823,test
2824,validation
2825,train
2826,validation
2827,train
2828,train
2829,train
2830,train
2831,test
2832,test
2833,train
2834,train
2835,test
2836,train
2837,validation
2838,train
2839,test
2840,test
2841,validation
2842,validation
2843,train
2844,train
2845,train
2846,train
2847,train
2848,train
2849,validation
2850,train
2851,validation
2852,train
2853,test
2854,train
2855,train
2856,train
2857,test
2858,validation
2859,train
2860,validation
2861,train
2862,validation
2863,train
2864,train
2865,test
2866,validation
2867,validation
2868,train
2869,train
2870,train
2871,train
2872,train
2873,train
2874,train
2875,train
2876,train
2877,validation
2878,test
2879,train
2880,validation
2881,test
2882,test
2883,train
2884,validation
2885,test
2886,train
2887,train
2888,train
2889,test
2890,validation
2891,train
2892,test
2893,train
2894,train
2895,train
2896,test
2897,train
2898,train
2899,train
2900,validation
2901,train
2902,train
2903,validation
2904,test
2905,validation
2906,train
2907,train
2908,validation
2909,test
2910,train
2911,train
2912,train
2913,train
2914,train
2915,train
2916,test
2917,train
2918,train
2919,validation
2920,train
2921,train
2922,test
2923,test
2924,train
2925,test
2926,train
2927,train
2928,train
2929,test
2930,train
2931,train
2932,train
2933,test
2934,test
2935,train
2936,test
2937,train
2938,train
2939,validation
2940,test
2941,validation
2942,train
2943,train
2944,test
2945,train
2946,train
2947,train
2948,train
2949,train
2950,test
2951,train
2952,train
2953,train
2954,train
2955,train
2956,train
2957,train
2958,validation
2959,validation
2960,train
2961,train
2962,train
2963,train
2964,test
2965,validation
2966,test
2967,train
2968,train
2969,train
2970,train
2971,test
2972,train
2973,validation
2974,test
2975,test
2976,train
2977,validation
2978,train
2979,train
2980,validation
2981,train
2982,train
2983,test
2984,test
2985,test
2986,validation
2987,test
2988,train
2989,train
2990,train
2991,train
2992,test
2993,train
2994,train
2995,train
2996,train
2997,train
2998,validation
2999,train
3000,test
3001,test
3002,test
3003,train
3004,test
3005,validation
3006,train
3007,train
3008,train
3009,train
3010,validation
3011,train
3012,validation
3013,train
3014,validation
3015,train
3016,validation
3017,train
3018,train
3019,train
3020,test
3021,train
3022,validation
3023,validation
3024,test
3025,validation
3026,train
3027,train
3028,test
3029,train
3030,validation
3031,validation
3032,train
3033,test
3034,train
3035,train
3036,train
3037,train
3038,test
3039,validation
3040,validation
3041,train
3042,train
3043,train
3044,train
3045,validation
3046,test
3047,test
3048,train
3049,train
3050,train
3051,validation
3052,train
3053,test
3054,train
3055,train
3056,train
3057,validation
3058,validation
3059,test
3060,train
3061,train
3062,train
3063,train
3064,test
3065,validation
3066,train
3067,test
3068,validation
3069,train
3070,train
3071,test
3072,test
3073,test
3074,train
3075,test
3076,train
3077,train
3078,validation
3079,validation
3080,validation
3081,validation
3082,validation
3083,train
3084,test
3085,train
3086,train
3087,train
3088,train
3089,validation
3090,train
3091,train
3092,validation
3093,train
3094,test
3095,validation
3096,train
3097,train
3098,train
3099,test
3100,train
3101,validation
3102,train
3103,validation
3104,validation
3105,train
3106,test
3107,test
3108,train
3109,train
3110,validation
3111,train
3112,validation
3113,validation
3114,validation
3115,train
3116,train
3117,train
3118,train
3119,test
3120,validation
3121,train
3122,train
3123,validation
3124,validation
3125,train
3126,train
3127,test
3128,train
3129,validation
3130,train
3131,train
3132,validation
3133,validation
3134,train
3135,test
3136,train
3137,train
3138,train
3139,train
3140,validation
3141,test
3142,train
3143,validation
3144,train
3145,train
3146,train
3147,train
3148,test
3149,test
3150,test
3151,train
3152,train
3153,train
3154,validation
3155,train
3156,test
3157,test
3158,test
3159,train
3160,validation
3161,train
3162,train
3163,validation
3164,validation
3165,test
3166,validation
3167,train
3168,train
3169,train
3170,train
3171,validation
3172,train
3173,validation
3174,train
3175,train
3176,test
3177,train
3178,validation
3179,train
3180,train
3181,validation
3182,test
3183,validation
3184,train
3185,train
3186,train
3187,test
3188,validation
3189,validation
3190,validation
3191,train
3192,test
3193,train
3194,train
3195,train
3196,train
3197,test
3198,test
3199,train
3200,validation
3201,train
3202,validation
3203,train
3204,train
3205,validation
3206,train
3207,train
3208,train
3209,test
3210,train
3211,validation
3212,train
3213,train
3214,train
3215,test
3216,train
3217,validation
3218,train
3219,train
3220,train
3221,test
3222,train
3223,train
3224,train
3225,train
3226,train
3227,train
3228,test
3229,train
3230,validation
3231,validation
3232,test
3233,validation
3234,test
3235,validation
3236,validation
3237,train
3238,validation
3239,train
3240,validation
3241,train
3242,train
3243,test
3244,train
3245,train
3246,test
3247,train
3248,train
3249,train
3250,train
3251,test
3252,test
3253,train
3254,test
3255,train
3256,train
3257,test
3258,train
3259,validation
3260,train
3261,train
3262,train
3263,train
3264,test
3265,validation
3266,test
3267,train
3268,validation
3269,train
3270,validation
3271,train
3272,validation
3273,validation
3274,test
3275,train
3276,train
3277,train
3278,test
3279,train
3280,test
3281,train
3282,test
3283,train
3284,test
3285,validation
3286,train
3287,validation
3288,test
3289,test
3290,test
3291,train
3292,test
3293,validation
3294,test
3295,train
3296,test
3297,train
3298,train
3299,train
3300,test
3301,train
3302,validation
3303,test
3304,test
3305,train
3306,test
3307,train
3308,test
3309,train
3310,train
3311,train
3312,test
3313,train
3314,train
3315,train
3316,train
3317,validation
3318,test
3319,train
3320,train
3321,validation
3322,train
3323,train
3324,validation
3325,validation
3326,validation
3327,train
3328,train
3329,validation
3330,train
3331,train
3332,train
3333,validation
3334,train
3335,train
3336,train
3337,train
3338,test
3339,test
3340,test
3341,test
3342,test
3343,train
3344,validation
3345,train
3346,train
3347,train
3348,test
3349,train
3350,train
3351,train
3352,test
3353,train
3354,train
3355,train
3356,train
3357,train
3358,train
3359,test
3360,test
3361,train
3362,train
3363,train
3364,train
3365,test
3366,train
3367,train
3368,train
3369,train
3370,train
3371,test
3372,train
3373,test
3374,train
3375,validation
3376,train
3377,train
3378,test
3379,train
3380,train
3381,train
3382,validation
3383,test
3384,train
3385,train
3386,test
3387,train
3388,train
3389,test
3390,train
3391,train
3392,validation
3393,test
3394,validation
3395,train
3396,validation
3397,train
3398,test
3399,train
3400,train
3401,test
3402,validation
3403,test
3404,train
3405,validation
3406,validation
3407,validation
3408,train
3409,train
3410,validation
3411,test
3412,train
3413,train
3414,validation
3415,validation
3416,test
3417,test
3418,train
3419,test
3420,train
3421,train
3422,train
3423,validation
3424,validation
3425,train
3426,train
3427,test
3428,test
3429,train
3430,train
3431,test
3432,validation
3433,train
3434,train
3435,train
3436,validation
3437,train
3438,train
3439,train
3440,validation
3441,train
3442,train
3443,test
3444,train
3445,train
3446,validation
3447,train
3448,train
3449,test
3450,validation
3451,test
3452,train
3453,train
3454,train
3455,test
3456,train
3457,train
3458,validation
3459,train
3460,test
3461,test
3462,train
3463,train
3464,train
3465,test
3466,train
3467,validation
3468,test
3469,validation
3470,validation
3471,validation
3472,train
3473,train
3474,train
3475,validation
3476,train
3477,validation
3478,train
3479,train
3480,train
3481,validation
3482,train
3483,train
3484,train
3485,test
3486,validation
3487,train
3488,train
3489,train
3490,test
3491,train
3492,validation
3493,validation
3494,validation
3495,train
3496,test
3497,train
3498,train
3499,test
3500,train
3501,train
3502,train
3503,validation
3504,validation
3505,train
3506,train
3507,train
3508,validation
3509,train
3510,test
3511,validation
3512,test
3513,validation
3514,test
3515,train
3516,test
3517,train
3518,train
3519,train
3520,validation
3521,train
3522,train
3523,train
3524,test
3525,validation
3526,validation
3527,train
3528,validation
3529,test
3530,train
3531,test
3532,test
3533,test
3534,test
3535,train
3536,train
3537,train
3538,validation
3539,train
3540,train
3541,train
3542,train
3543,train
3544,test
3545,train
3546,train
3547,train
3548,validation
3549,train
3550,validation
3551,validation
3552,train
3553,train
3554,train
3555,train
3556,validation
3557,validation
3558,train
3559,train
3560,train
3561,validation
3562,train
3563,test
3564,test
3565,test
3566,validation
3567,train
3568,train
3569,train
3570,test
3571,validation
3572,train
3573,train
3574,train
3575,test
3576,train
3577,test
3578,train
3579,train
3580,test
3581,test
3582,train
3583,train
3584,train
3585,train
3586,train
3587,train
3588,train
3589,train
3590,validation
3591,train
3592,train
3593,validation
3594,validation
3595,train
3596,validation
3597,train
3598,test
3599,train
3600,validation
3601,train
3602,validation
3603,train
3604,test
3605,train
3606,validation
3607,train
3608,train
3609,train
3610,train
3611,validation
3612,train
3613,train
3614,test
3615,train
3616,train
3617,train
3618,train
3619,test
3620,train
3621,train
3622,train
3623,test
3624,validation
3625,train
3626,test
3627,train
3628,validation
3629,test
3630,validation
3631,train
3632,test
3633,train
3634,test
3635,validation
3636,validation
3637,validation
3638,train
3639,train
3640,test
3641,validation
3642,train
3643,train
3644,train
3645,validation
3646,train
3647,train
3648,train
3649,test
3650,train
3651,test
3652,train
3653,test
3654,validation
3655,train
3656,train
3657,train
3658,train
3659,validation
3660,test
3661,train
3662,test
3663,train
3664,train
3665,train
3666,train
3667,test
3668,test
3669,test
3670,train
3671,validation
3672,train
3673,train
3674,train
3675,train
3676,train
3677,train
3678,train
3679,train
3680,train
3681,train
3682,test
3683,train
3684,train
3685,train
3686,test
3687,test
3688,test
3689,validation
3690,train
3691,train
3692,test
3693,train
3694,train
3695,test
3696,test
3697,train
3698,train
3699,train
3700,train
3701,train
3702,train
3703,train
3704,train
3705,validation
3706,test
3707,train
3708,train
3709,train
3710,validation
3711,validation
3712,validation
3713,train
3714,train
3715,train
3716,train
3717,validation
3718,train
3719,train
3720,test
3721,train
3722,test
3723,train
3724,train
3725,train
3726,test
3727,train
3728,train
3729,validation
3730,train
3731,validation
3732,train
3733,train
3734,train
3735,train
3736,train
3737,train
3738,test
3739,train
3740,train
3741,train
3742,train
3743,train
3744,train
3745,train
3746,test
3747,validation
3748,train
3749,train
3750,test
3751,test
3752,test
3753,train
3754,train
3755,validation
3756,train
3757,train
3758,train
3759,train
3760,train
3761,train
3762,test
3763,train
3764,validation
3765,train
3766,train
3767,train
3768,train
3769,train
3770,validation
3771,train
3772,train
3773,train
3774,train
3775,train
3776,train
3777,test
3778,train
3779,train
3780,validation
3781,validation
3782,validation
3783,train
3784,train
3785,train
3786,validation
3787,train
3788,test
3789,train
3790,train
3791,validation
3792,train
3793,train
3794,train
3795,train
3796,train
3797,train
3798,train
3799,train
3800,validation
3801,test
3802,train
3803,validation
3804,test
3805,train
3806,test
3807,train
3808,train
3809,train
3810,train
3811,train
3812,train
3813,train
3814,train
3815,validation
3816,train
3817,train
3818,test
3819,train
3820,validation
3821,train
3822,train
3823,train
3824,train
3825,train
3826,train
3827,train
3828,test
3829,train
3830,test
3831,test
3832,test
3833,validation
3834,train
3835,train
3836,train
3837,validation
3838,train
3839,train
3840,validation
3841,validation
3842,train
3843,train
3844,train
3845,train
3846,train
3847,train
3848,train
3849,train
3850,train
3851,test
3852,train
3853,train
3854,train
3855,validation
3856,train
3857,train
3858,train
3859,train
3860,train
3861,train
3862,validation
3863,test
3864,validation
3865,train
3866,test
3867,train
3868,train
3869,train
3870,test
3871,train
3872,test
3873,test
3874,validation
3875,train
3876,train
3877,train
3878,train
3879,train
3880,validation
3881,train
3882,train
3883,validation
3884,validation
3885,test
3886,validation
3887,test
3888,train
3889,train
3890,train
3891,train
3892,train
3893,train
3894,validation
3895,train
3896,train
3897,test
3898,test
3899,train
3900,train
3901,test
3902,train
3903,train
3904,validation
3905,validation
3906,train
3907,train
3908,train
3909,test
3910,train
3911,validation
3912,validation
3913,train
3914,train
3915,train
3916,train
3917,validation
3918,test
3919,validation
3920,train
3921,validation
3922,train
3923,train
3924,train
3925,train
3926,test
3927,train
3928,test
3929,train
3930,validation
3931,validation
3932,test
3933,train
3934,validation
3935,validation
3936,train
3937,train
3938,train
3939,train
3940,train
3941,train
3942,train
3943,validation
3944,test
3945,validation
3946,validation
3947,train
3948,train
3949,train
3950,validation
3951,validation
3952,train
3953,train
3954,validation
3955,test
3956,test
3957,validation
3958,test
3959,train
3960,test
3961,train
3962,train
3963,train
3964,train
3965,test
3966,test
3967,train
3968,train
3969,train
3970,train
3971,train
3972,train
3973,train
3974,train
3975,train
3976,train
3977,validation
3978,train
3979,train
3980,train
3981,test
3982,train
3983,train
3984,train
3985,train
3986,validation
3987,train
3988,test
3989,train
3990,test
3991,validation
3992,train
3993,train
3994,train
3995,train
3996,train
3997,validation
3998,train
3999,validation
4000,train
4001,train
4002,validation
4003,train
4004,train
4005,validation
4006,train
4007,train
4008,validation
4009,train
4010,train
4011,train
4012,train
4013,train
4014,train
4015,validation
4016,validation
4017,train
4018,train
4019,test
4020,validation
4021,train
4022,train
4023,train
4024,test
4025,test
4026,train
4027,validation
4028,validation
4029,train
4030,train
4031,validation
4032,train
4033,validation
4034,train
4035,train
4036,validation
4037,train
4038,train
4039,train
4040,validation
4041,validation
4042,validation
4043,train
4044,train
4045,test
4046,train
4047,train
4048,train
4049,train
4050,train
4051,test
4052,train
4053,validation
4054,test
4055,train
4056,train
4057,train
4058,train
4059,train
4060,train
4061,test
4062,test
4063,validation
4064,train
4065,train
4066,validation
4067,train
4068,test
4069,train
4070,test
4071,validation
4072,train
4073,train
4074,train
4075,train
4076,test
4077,validation
4078,test
4079,test
4080,train
4081,train
4082,test
4083,train
4084,validation
4085,train
4086,train
4087,train
4088,validation
4089,train
4090,train
4091,train
4092,validation
4093,validation
4094,train
4095,validation
4096,test
4097,test
4098,train
4099,train
4100,train
4101,train
4102,train
4103,train
4104,validation
4105,test
4106,train
4107,train
4108,test
4109,train
4110,train
4111,validation
4112,train
4113,train
4114,train
4115,train
4116,validation
4117,train
4118,train
4119,train
4120,train
4121,validation
4122,train
4123,train
4124,train
4125,train
4126,train
4127,train
4128,train
4129,validation
4130,train
4131,train
4132,train
4133,train
4134,validation
4135,train
4136,test
4137,train
4138,train
4139,train
4140,train
4141,train
4142,train
4143,train
4144,train
4145,train
4146,validation
4147,train
4148,test
4149,train
4150,train
4151,validation
4152,validation
4153,train
4154,test
4155,validation
4156,train
4157,test
4158,train
4159,validation
4160,train
4161,train
4162,train
4163,validation
4164,train
4165,test
4166,train
4167,train
4168,train
4169,test
4170,train
4171,train
4172,validation
4173,validation
4174,test
4175,train
4176,train
4177,train
4178,train
4179,train
4180,validation
4181,validation
4182,train
4183,test
4184,validation
4185,train
4186,validation
4187,train
4188,train
4189,validation
4190,validation
4191,train
4192,validation
4193,train
4194,test
4195,test
4196,train
4197,test
4198,train
4199,test
4200,train
4201,train
4202,train
4203,test
4204,validation
4205,train
4206,test
4207,test
4208,validation
4209,test
4210,train
4211,train
4212,train
4213,test
4214,train
4215,validation
4216,test
4217,train
4218,test
4219,train
4220,validation
4221,test
4222,validation
4223,validation
4224,train
4225,train
4226,validation
4227,train
4228,train
4229,test
4230,test
4231,train
4232,train
4233,test
4234,train
4235,test
4236,train
4237,train
4238,train
4239,test
4240,validation
4241,train
4242,train
4243,test
4244,train
4245,train
4246,train
4247,validation
4248,train
4249,validation
4250,test
4251,train
4252,test
4253,train
4254,train
4255,validation
4256,train
4257,validation
4258,train
4259,test
4260,validation
4261,train
4262,train
4263,train
4264,test
4265,train
4266,train
4267,train
4268,test
4269,train
4270,train
4271,train
4272,train
4273,train
4274,train
4275,train
4276,train
4277,test
4278,train
4279,validation
4280,train
4281,train
4282,train
4283,test
4284,train
4285,train
4286,train
4287,train
4288,validation
4289,validation
4290,train
4291,test
4292,train
4293,validation
4294,test
4295,train
4296,train
4297,validation
4298,test
4299,train
4300,train
4301,train
4302,train
4303,train
4304,train
4305,train
4306,train
4307,train
4308,train
4309,test
4310,train
4311,train
4312,train
4313,validation
4314,train
4315,validation
4316,validation
4317,train
4318,train
4319,test
4320,validation
4321,test
4322,train
4323,test
4324,validation
4325,validation
4326,train
4327,test
4328,test
4329,train
4330,train
4331,test
4332,train
4333,train
4334,train
4335,train
4336,validation
4337,train
4338,train
4339,train
4340,train
4341,train
4342,validation
4343,validation
4344,test
4345,test
4346,train
4347,train
4348,train
4349,train
4350,validation
4351,train
4352,train
4353,train
4354,test
4355,train
4356,train
4357,train
4358,test
4359,test
4360,train
4361,validation
4362,validation
4363,train
4364,test
4365,train
4366,train
4367,validation
4368,train
4369,test
4370,train
4371,train
4372,validation
4373,train
4374,train
4375,train
4376,train
4377,validation
4378,train
4379,train
4380,train
4381,test
4382,train
4383,train
4384,train
4385,train
4386,train
4387,test
4388,train
4389,test
4390,test
4391,test
4392,train
4393,train
4394,train
4395,train
4396,train
4397,validation
4398,test
4399,test
4400,test
4401,test
4402,train
4403,train
4404,validation
4405,test
4406,test
4407,train
4408,validation
4409,train
4410,validation
4411,validation
4412,validation
4413,train
4414,train
4415,test
4416,train
4417,train
4418,validation
4419,train
4420,validation
4421,train
4422,train
4423,train
4424,validation
4425,validation
4426,test
4427,train
4428,train
4429,test
4430,test
4431,test
4432,validation
4433,train
4434,train
4435,train
4436,train
4437,validation
4438,test
4439,train
4440,test
4441,train
4442,train
4443,train
4444,train
4445,validation
4446,train
4447,train
4448,train
4449,train
4450,test
4451,test
4452,validation
4453,test
4454,validation
4455,validation
4456,test
4457,validation
4458,train
4459,train
4460,test
4461,train
4462,train
4463,validation
4464,validation
4465,validation
4466,test
4467,validation
4468,test
4469,train
4470,test
4471,test
4472,test
4473,test
4474,train
4475,test
4476,train
4477,train
4478,train
4479,test
4480,train
4481,validation
4482,train
4483,validation
4484,test
4485,test
4486,validation
4487,train
4488,train
4489,train
4490,test
4491,train
4492,train
4493,validation
4494,validation
4495,validation
4496,train
4497,train
4498,train
4499,test
4500,train
4501,train
4502,train
4503,test
4504,train
4505,train
4506,validation
4507,train
4508,train
4509,train
4510,train
4511,validation
4512,test
4513,train
4514,validation
4515,train
4516,test
4517,train
4518,train
4519,train
4520,train
4521,train
4522,validation
4523,validation
4524,train
4525,train
4526,validation
4527,train
4528,train
4529,train
4530,train
4531,train
4532,validation
4533,train
4534,test
4535,train
4536,test
4537,validation
4538,test
4539,train
4540,train
4541,train
4542,test
4543,train
4544,train
4545,train
4546,test
4547,train
4548,train
4549,train
4550,train
4551,train
4552,train
4553,train
4554,validation
4555,train
4556,test
4557,train
4558,validation
4559,train
4560,validation
4561,test
4562,train
4563,train
4564,train
4565,train
4566,train
4567,test
4568,test
4569,train
4570,validation
4571,train
4572,validation
4573,validation
4574,train
4575,test
4576,train
4577,train
4578,train
4579,train
4580,train
4581,test
4582,train
4583,train
4584,train
4585,train
4586,train
4587,validation
4588,validation
4589,train
4590,train
4591,test
4592,train
4593,test
4594,test
4595,train
4596,test
4597,train
4598,train
4599,test
4600,train
4601,validation
4602,validation
4603,train
4604,validation
4605,test
4606,train
4607,validation
4608,train
4609,train
4610,test
4611,validation
4612,train
4613,train
4614,validation
4615,train
4616,train
4617,test
4618,train
4619,validation
4620,train
4621,train
4622,validation
4623,train
4624,test
4625,validation
4626,train
4627,train
4628,validation
4629,validation
4630,test
4631,train
4632,test
4633,test
4634,train
4635,validation
4636,validation
4637,train
4638,validation
4639,train
4640,validation
4641,test
4642,validation
4643,train
4644,test
4645,train
4646,test
4647,train
4648,train
4649,train
4650,train
4651,train
4652,train
4653,train
4654,test
4655,test
4656,train
4657,validation
4658,test
4659,validation
4660,test
4661,train
4662,train
4663,train
4664,train
4665,validation
4666,validation
4667,train
4668,train
4669,train
4670,train
4671,train
4672,train
4673,train
4674,test
4675,train
4676,test
4677,test
4678,validation
4679,train
4680,validation
4681,train
4682,train
4683,validation
4684,train
4685,train
4686,train
4687,train
4688,validation
4689,train
4690,train
4691,train
4692,train
4693,train
4694,test
4695,train
4696,test
4697,validation
4698,train
4699,test
4700,test
4701,train
4702,validation
4703,train
4704,train
4705,train
4706,train
4707,train
4708,train
4709,train
4710,test
4711,train
4712,validation
4713,test
4714,train
4715,train
4716,train
4717,test
4718,train
4719,train
4720,train
4721,train
4722,test
4723,validation
4724,train
4725,train
4726,train
4727,test
4728,test
4729,train
4730,test
4731,train
4732,validation
4733,train
4734,train
4735,train
4736,train
4737,train
4738,train
4739,validation
4740,train
4741,train
4742,train
4743,train
4744,train
4745,validation
4746,validation
4747,test
4748,train
4749,train
4750,train
4751,train
4752,train
4753,train
4754,train
4755,validation
4756,validation
4757,test
4758,train
4759,validation
4760,validation
4761,train
4762,train
4763,validation
4764,train
4765,train
4766,train
4767,test
4768,validation
4769,validation
4770,train
4771,validation
4772,train
4773,train
4774,train
4775,train
4776,validation
4777,train
4778,validation
4779,train
4780,train
4781,validation
4782,validation
4783,test
4784,validation
4785,train
4786,train
4787,train
4788,train
4789,train
4790,train
4791,train
4792,train
4793,train
4794,train
4795,train
4796,train
4797,train
4798,test
4799,test
4800,validation
4801,validation
4802,train
4803,test
4804,train
4805,test
4806,train
4807,train
4808,train
4809,train
4810,train
4811,train
4812,train
4813,train
4814,test
4815,test
4816,validation
4817,train
4818,test
4819,train
4820,train
4821,train
4822,validation
4823,validation
4824,test
4825,train
4826,test
4827,train
4828,train
4829,test
4830,test
4831,train
4832,train
4833,train
4834,train
4835,train
4836,train
4837,train
4838,train
4839,train
4840,train
4841,train
4842,validation
4843,train
4844,train
4845,test
4846,train
4847,test
4848,train
4849,test
4850,train
4851,train
4852,train
4853,train
4854,train
4855,train
4856,train
4857,train
4858,train
4859,train
4860,validation
4861,train
4862,validation
4863,test
4864,test
4865,train
4866,test
4867,train
4868,validation
4869,train
4870,validation
4871,train
4872,test
4873,test
4874,validation
4875,test
4876,train
4877,train
4878,train
4879,test
4880,test
4881,validation
4882,test
4883,train
4884,train
4885,test
4886,train
4887,train
4888,test
4889,test
4890,validation
4891,test
4892,train
4893,train
4894,test
4895,train
4896,train
4897,train
4898,train
4899,train
4900,train
4901,train
4902,train
4903,train
4904,train
4905,train
4906,test
4907,validation
4908,train
4909,train
4910,train
4911,train
4912,validation
4913,train
4914,test
4915,test
4916,test
4917,test
4918,train
4919,test
4920,train
4921,train
4922,train
4923,train
4924,train
4925,train
4926,train
4927,train
4928,train
4929,train
4930,validation
4931,validation
4932,train
4933,train
4934,train
4935,train
4936,train
4937,train
4938,train
4939,train
4940,train
4941,train
4942,train
4943,train
4944,train
4945,train
4946,test
4947,train
4948,train
4949,train
4950,train
4951,train
4952,test
4953,train
4954,train
4955,train
4956,test
4957,train
4958,train
4959,train
4960,train
4961,train
4962,validation
4963,train
4964,test
4965,test
4966,train
4967,test
4968,train
4969,test
4970,train
4971,train
4972,train
4973,train
4974,train
4975,test
4976,train
4977,train
4978,train
4979,test
4980,test
4981,train
4982,train
4983,train
4984,train
4985,test
4986,train
4987,validation
4988,train
4989,train
4990,train
4991,train
4992,train
4993,train
4994,train
4995,train
4996,train
4997,validation
4998,train
4999,test
5000,train
5001,train
5002,train
5003,train
5004,train
5005,validation
5006,train
5007,test
5008,train
5009,train
5010,test
5011,train
5012,test
5013,train
5014,train
5015,train
5016,train
5017,test
5018,train
5019,train
5020,test
5021,train
5022,train
5023,train
5024,train
5025,train
5026,train
5027,train
5028,train
5029,test
5030,train
5031,validation
5032,train
5033,test
5034,train
5035,train
5036,train
5037,train
5038,test
5039,train
5040,validation
5041,validation
5042,train
5043,train
5044,train
5045,test
5046,test
5047,train
5048,test
5049,train
5050,train
5051,train
5052,train
5053,test
5054,validation
5055,train
5056,validation
5057,validation
5058,train
5059,validation
5060,train
5061,train
5062,train
5063,train
5064,validation
5065,validation
5066,test
5067,train
5068,test
5069,train
5070,train
5071,train
5072,test
5073,train
5074,train
5075,test
5076,validation
5077,train
5078,train
5079,test
5080,train
5081,validation
5082,validation
5083,test
5084,train
5085,test
5086,train
5087,validation
5088,test
5089,train
5090,train
5091,validation
5092,train
5093,train
5094,train
5095,train
5096,train
5097,train
5098,train
5099,validation
5100,train
5101,train
5102,validation
5103,train
5104,train
5105,train
5106,test
5107,train
5108,test
5109,train
5110,train
5111,train
5112,train
5113,train
5114,train
5115,test
5116,train
5117,train
5118,validation
5119,train
5120,validation
5121,train
5122,train
5123,train
5124,validation
5125,test
5126,train
5127,train
5128,train
5129,validation
5130,train
5131,validation
5132,validation
5133,test
5134,validation
5135,test
5136,train
5137,test
5138,test
5139,train
5140,train
5141,test
5142,train
5143,train
5144,test
5145,validation
5146,train
5147,train
5148,test
5149,validation
5150,train
5151,test
5152,validation
5153,train
5154,train
5155,test
5156,train
5157,train
5158,train
5159,validation
5160,validation
5161,test
5162,train
5163,train
5164,validation
5165,test
5166,train
5167,train
5168,validation
5169,train
5170,train
5171,train
5172,train
5173,test
5174,train
5175,train
5176,train
5177,validation
5178,validation
5179,train
5180,train
5181,train
5182,train
5183,train
5184,test
5185,train
5186,train
5187,train
5188,train
5189,test
5190,train
5191,train
5192,train
5193,train
5194,train
5195,validation
5196,test
5197,train
5198,train
5199,train
5200,train
5201,test
5202,train
5203,validation
5204,train
5205,train
5206,validation
5207,train
5208,validation
5209,train
5210,train
5211,train
5212,test
5213,train
5214,test
5215,validation
5216,test
5217,train
5218,train
5219,test
5220,train
5221,validation
5222,test
5223,train
5224,validation
5225,train
5226,train
5227,validation
5228,validation
5229,train
5230,train
5231,train
5232,validation
5233,train
5234,validation
5235,train
5236,test
5237,train
5238,validation
5239,validation
5240,train
5241,train
5242,test
5243,train
5244,train
5245,train
5246,test
5247,train
5248,train
5249,train
5250,validation
5251,train
5252,test
5253,train
5254,train
5255,train
5256,test
5257,train
5258,validation
5259,validation
5260,train
5261,validation
5262,train
5263,train
5264,test
5265,train
5266,train
5267,validation
5268,train
5269,train
5270,test
5271,test
5272,train
5273,validation
5274,test
5275,train
5276,train
5277,train
5278,validation
5279,train
5280,test
5281,train
5282,train
5283,train
5284,train
5285,test
5286,test
5287,train
5288,train
5289,train
5290,train
5291,train
5292,validation
5293,test
5294,train
5295,train
5296,train
5297,validation
5298,test
5299,train
5300,test
5301,train
5302,test
5303,train
5304,train
5305,train
5306,test
5307,train
5308,test
5309,train
5310,train
5311,train
5312,validation
5313,test
5314,validation
5315,test
5316,train
5317,train
5318,validation
5319,train
5320,train
5321,train
5322,validation
5323,validation
5324,train
5325,train
5326,test
5327,train
5328,train
5329,train
5330,validation
5331,train
5332,train
5333,train
5334,train
5335,train
5336,validation
5337,train
5338,train
5339,test
5340,test
5341,test
5342,train
5343,test
5344,train
5345,train
5346,train
5347,validation
5348,test
5349,train
5350,test
5351,train
5352,train
5353,train
5354,train
5355,validation
5356,train
5357,train
5358,train
5359,validation
5360,test
5361,validation
5362,train
5363,validation
5364,validation
5365,train
5366,train
5367,train
5368,train
5369,test
5370,validation
5371,validation
5372,validation
5373,train
5374,train
5375,train
5376,validation
5377,train
5378,test
5379,validation
5380,train
5381,train
5382,train
5383,validation
5384,test
5385,train
5386,train
5387,test
5388,test
5389,train
5390,train
5391,test
5392,test
5393,train
5394,train
5395,validation
5396,train
5397,train
5398,train
5399,validation
5400,train
5401,train
5402,validation
5403,test
5404,train
5405,train
5406,train
5407,validation
5408,train
5409,test
5410,validation
5411,train
5412,train
5413,train
5414,train
5415,train
5416,test
5417,test
5418,train
5419,validation
5420,train
5421,test
5422,train
5423,train
5424,validation
5425,test
5426,train
5427,train
5428,validation
5429,test
5430,train
5431,test
5432,test
5433,train
5434,validation
5435,validation
5436,test
5437,train
5438,train
5439,test
5440,validation
5441,train
5442,train
5443,train
5444,train
5445,train
5446,train
5447,train
5448,train
5449,train
5450,validation
5451,train
5452,train
5453,train
5454,test
5455,train
5456,train
5457,test
5458,train
5459,train
5460,validation
5461,train
5462,train
5463,train
5464,test
5465,train
5466,train
5467,train
5468,validation
5469,validation
5470,train
5471,test
5472,train
5473,validation
5474,train
5475,validation
5476,train
5477,test
5478,test
5479,test
5480,train
5481,train
5482,train
5483,train
5484,train
5485,test
5486,train
5487,train
5488,test
5489,validation
5490,train
5491,validation
5492,train
5493,validation
5494,test
5495,train
5496,validation
5497,validation
5498,validation
5499,train
5500,train
5501,train
5502,train
5503,validation
5504,validation
5505,train
5506,train
5507,validation
5508,train
5509,train
5510,train
5511,train
5512,train
5513,train
5514,train
5515,train
5516,train
5517,validation
5518,validation
5519,test
5520,train
5521,train
5522,train
5523,validation
5524,train
5525,validation
5526,test
5527,train
5528,train
5529,validation
5530,train
5531,train
5532,validation
5533,test
5534,test
5535,train
5536,train
5537,train
5538,validation
5539,validation
5540,train
5541,train
5542,test
5543,train
5544,train
5545,validation
5546,validation
5547,validation
5548,train
5549,train
5550,test
5551,train
5552,train
5553,test
5554,train
5555,train
5556,train
5557,train
5558,train
5559,train
5560,train
5561,train
5562,validation
5563,train
5564,test
5565,train
5566,validation
5567,test
5568,test
5569,validation
5570,test
5571,train
5572,train
5573,test
5574,test
5575,validation
5576,train
5577,train
5578,validation
5579,train
5580,validation
5581,test
5582,train
5583,train
5584,validation
5585,train
5586,test
5587,test
5588,test
5589,train
5590,train
5591,train
5592,train
5593,train
5594,train
5595,train
5596,train
5597,test
5598,test
5599,test
5600,train
5601,train
5602,train
5603,validation
5604,train
5605,train
5606,train
5607,train
5608,validation
5609,validation
5610,validation
5611,train
5612,train
5613,train
5614,train
5615,train
5616,validation
5617,train
5618,train
5619,train
5620,train
5621,test
5622,test
5623,test
5624,train
5625,train
5626,validation
5627,validation
5628,validation
5629,validation
5630,train
5631,train
5632,train
5633,train
5634,test
5635,train
5636,validation
5637,validation
5638,train
5639,train
5640,test
5641,train
5642,test
5643,test
5644,train
5645,train
5646,train
5647,test
5648,train
5649,validation
5650,train
5651,train
5652,test
5653,validation
5654,train
5655,validation
5656,validation
5657,test
5658,train
5659,validation
5660,validation
5661,train
5662,validation
5663,train
5664,train
5665,train
5666,test
5667,train
5668,test
5669,test
5670,test
5671,test
5672,test
5673,train
5674,train
5675,train
5676,train
5677,validation
5678,train
5679,train
5680,train
5681,train
5682,validation
5683,train
5684,test
5685,validation
5686,test
5687,train
5688,test
5689,train
5690,train
5691,validation
5692,validation
5693,test
5694,train
5695,validation
5696,test
5697,train
5698,test
5699,train
5700,validation
5701,train
5702,train
5703,train
5704,train
5705,train
5706,train
5707,train
5708,train
5709,train
5710,validation
5711,validation
5712,test
5713,test
5714,test
5715,validation
5716,train
5717,train
5718,train
5719,train
5720,validation
5721,validation
5722,validation
5723,test
5724,train
5725,train
5726,validation
5727,test
5728,validation
5729,train
5730,test
5731,test
5732,train
5733,test
5734,train
5735,train
5736,validation
5737,train
5738,train
5739,validation
5740,test
5741,test
5742,train
5743,train
5744,train
5745,test
5746,train
5747,validation
5748,train
5749,train
5750,test
5751,train
5752,train
5753,train
5754,validation
5755,validation
5756,validation
5757,train
5758,train
5759,train
5760,train
5761,train
5762,train
5763,train
5764,train
5765,validation
5766,test
5767,train
5768,train
5769,train
5770,train
5771,train
5772,train
5773,train
5774,train
5775,train
5776,validation
5777,train
5778,train
5779,test
5780,train
5781,train
5782,train
5783,test
5784,validation
5785,train
5786,validation
5787,train
5788,validation
5789,train
5790,test
5791,test
5792,train
5793,train
5794,train
5795,train
5796,train
5797,train
5798,train
5799,train
5800,test
5801,test
5802,train
5803,train
5804,validation
5805,train
5806,train
5807,train
5808,validation
5809,train
5810,test
5811,train
5812,test
5813,test
5814,train
5815,train
5816,test
5817,train
5818,train
5819,validation
5820,train
5821,train
5822,validation
5823,train
5824,train
5825,train
5826,train
5827,train
5828,test
5829,train
5830,train
5831,validation
5832,train
5833,train
5834,train
5835,train
5836,train
5837,validation
5838,test
5839,train
5840,train
5841,test
5842,train
5843,train
5844,validation
5845,train
5846,train
5847,train
5848,test
5849,train
5850,train
5851,train
5852,train
5853,train
5854,train
5855,train
5856,train
5857,validation
5858,test
5859,train
5860,train
5861,train
5862,test
5863,train
5864,train
5865,validation
5866,validation
5867,train
5868,train
5869,train
5870,train
5871,test
5872,train
5873,validation
5874,validation
5875,train
5876,train
5877,train
5878,validation
5879,train
5880,validation
5881,validation
5882,train
5883,test
5884,test
5885,train
5886,train
5887,train
5888,train
5889,validation
5890,test
5891,validation
5892,train
5893,test
5894,train
5895,train
5896,train
5897,validation
5898,train
5899,test
5900,test
5901,validation
5902,validation
5903,test
5904,test
5905,train
5906,validation
5907,test
5908,train
5909,train
5910,train
5911,train
5912,train
5913,test
5914,train
5915,train
5916,train
5917,validation
5918,test
5919,validation
5920,test
5921,train
5922,validation
5923,train
5924,validation
5925,train
5926,train
5927,train
5928,validation
5929,train
5930,test
5931,validation
5932,train
5933,train
5934,test
5935,test
5936,train
5937,train
5938,validation
5939,test
5940,train
5941,train
5942,train
5943,train
5944,validation
5945,test
5946,validation
5947,train
5948,train
5949,test
5950,train
5951,train
5952,test
5953,train
5954,test
5955,train
5956,train
5957,test
5958,test
5959,train
5960,test
5961,train
5962,train
5963,test
5964,train
5965,train
5966,test
5967,train
5968,train
5969,train
5970,train
5971,train
5972,train
5973,test
5974,train
5975,test
5976,train
5977,train
5978,train
5979,validation
5980,train
5981,test
5982,validation
5983,train
5984,train
5985,validation
5986,test
5987,train
5988,train
5989,validation
5990,test
5991,train
5992,train
5993,train
5994,train
5995,test
5996,train
5997,validation
5998,test
5999,test
6000,train
6001,test
6002,test
6003,train
6004,test
6005,train
6006,test
6007,validation
6008,validation
6009,train
6010,train
6011,validation
6012,train
6013,test
6014,train
6015,train
6016,validation
6017,test
6018,train
6019,train
6020,train
6021,train
6022,train
6023,train
6024,train
6025,train
6026,train
6027,test
6028,train
6029,train
6030,validation
6031,test
6032,test
6033,train
6034,train
6035,train
6036,train
6037,test
6038,train
6039,train
6040,validation
6041,train
6042,train
6043,train
6044,validation
6045,train
6046,train
6047,train
6048,test
6049,train
6050,train
6051,train
6052,train
6053,train
6054,test
6055,train
6056,test
6057,train
6058,train
6059,validation
6060,train
6061,test
6062,train
6063,test
6064,test
6065,train
6066,train
6067,train
6068,train
6069,validation
6070,train
6071,train
6072,train
6073,train
6074,test
6075,validation
6076,train
6077,validation
6078,train
6079,train
6080,test
6081,train
6082,validation
6083,validation
6084,train
6085,train
6086,train
6087,validation
6088,validation
6089,train
6090,train
6091,train
6092,test
6093,validation
6094,train
6095,test
6096,validation
6097,validation
6098,train
6099,test
6100,train
6101,train
6102,test
6103,validation
6104,train
6105,train
6106,train
6107,validation
6108,train
6109,validation
6110,train
6111,test
6112,train
6113,train
6114,train
6115,train
6116,validation
6117,train
6118,validation
6119,train
6120,test
6121,train
6122,train
6123,train
6124,validation
6125,train
6126,validation
6127,validation
6128,train
6129,validation
6130,train
6131,train
6132,train
6133,test
6134,train
6135,train
6136,train
6137,train
6138,validation
6139,validation
6140,train
6141,train
6142,test
6143,train
6144,train
6145,validation
6146,train
6147,validation
6148,test
6149,train
6150,test
6151,validation
6152,test
6153,train
6154,train
6155,train
6156,validation
6157,validation
6158,test
6159,train
6160,test
6161,train
6162,train
6163,train
6164,train
6165,validation
6166,test
6167,test
6168,train
6169,train
6170,train
6171,train
6172,test
6173,train
6174,validation
6175,train
6176,train
6177,validation
6178,train
6179,train
6180,validation
6181,test
6182,train
6183,train
6184,train
6185,train
6186,validation
6187,validation
6188,train
6189,train
6190,train
6191,train
6192,train
6193,test
6194,validation
6195,train
6196,validation
6197,validation
6198,test
6199,validation
6200,train
6201,train
6202,train
6203,train
6204,train
6205,train
6206,train
6207,train
6208,test
6209,train
6210,test
6211,validation
6212,test
6213,train
6214,train
6215,validation
6216,train
6217,train
6218,train
6219,validation
6220,validation
6221,test
6222,validation
6223,train
6224,test
6225,validation
6226,train
6227,train
6228,train
6229,train
6230,test
6231,train
6232,train
6233,train
6234,validation
6235,test
6236,validation
6237,train
6238,train
6239,test
6240,validation
6241,train
6242,validation
6243,train
6244,train
6245,test
6246,train
6247,train
6248,train
6249,test
6250,test
6251,train
6252,train
6253,test
6254,train
6255,train
6256,train
6257,train
6258,train
6259,validation
6260,test
6261,train
6262,train
6263,train
6264,test
6265,train
6266,train
6267,train
6268,test
6269,test
6270,train
6271,train
6272,validation
6273,train
6274,train
6275,train
6276,validation
6277,train
6278,train
6279,train
6280,train
6281,train
6282,train
6283,train
6284,validation
6285,train
6286,train
6287,test
6288,train
6289,train
6290,train
6291,train
6292,train
6293,validation
6294,train
6295,validation
6296,train
6297,validation
6298,test
6299,train
6300,test
6301,train
6302,test
6303,train
6304,train
6305,train
6306,train
6307,test
6308,train
6309,train
6310,train
6311,train
6312,train
6313,train
6314,test
6315,test
6316,train
6317,validation
6318,train
6319,validation
6320,train
6321,train
6322,train
6323,validation
6324,validation
6325,train
6326,train
6327,train
6328,train
6329,train
6330,train
6331,train
6332,validation
6333,train
6334,test
6335,test
6336,train
6337,test
6338,train
6339,train
6340,test
6341,train
6342,train
6343,train
6344,train
6345,train
6346,train
6347,test
6348,train
6349,train
6350,train
6351,test
6352,train
6353,validation
6354,validation
6355,validation
6356,train
6357,validation
6358,validation
6359,train
6360,train
6361,test
6362,train
6363,validation
6364,validation
6365,validation
6366,train
6367,validation
6368,train
6369,train
6370,train
6371,train
6372,train
6373,train
6374,validation
6375,train
6376,validation
6377,validation
6378,validation
6379,test
6380,train
6381,test
6382,train
6383,train
6384,test
6385,validation
6386,train
6387,test
6388,test
6389,validation
6390,validation
6391,train
6392,test
6393,test
6394,train
6395,train
6396,test
6397,train
6398,test
6399,train
6400,train
6401,train
6402,train
6403,validation
6404,train
6405,train
6406,train
6407,test
6408,train
6409,train
6410,validation
6411,train
6412,train
6413,train
6414,train
6415,train
6416,test
6417,validation
6418,validation
6419,validation
6420,test
6421,train
6422,train
6423,validation
6424,train
6425,train
6426,train
6427,train
6428,test
6429,test
6430,train
6431,train
6432,validation
6433,test
6434,train
6435,test
6436,train
6437,validation
6438,validation
6439,validation
6440,validation
6441,train
6442,train
6443,train
6444,train
6445,train
6446,train
6447,train
6448,test
6449,validation
6450,validation
6451,train
6452,test
6453,validation
6454,test
6455,train
6456,train
6457,train
6458,train
6459,train
6460,train
6461,train
6462,train
6463,train
6464,test
6465,validation
6466,train
6467,validation
6468,train
6469,validation
6470,train
6471,test
6472,train
6473,train
6474,test
6475,train
6476,train
6477,test
6478,train
6479,train
6480,train
6481,validation
6482,train
6483,train
6484,validation
6485,train
6486,validation
6487,train
6488,validation
6489,train
6490,train
6491,train
6492,test
6493,train
6494,validation
6495,test
6496,test
6497,validation
6498,train
6499,train
6500,train
6501,validation
6502,test
6503,train
6504,train
6505,validation
6506,test
6507,validation
6508,validation
6509,test
6510,train
6511,validation
6512,train
6513,validation
6514,train
6515,train
6516,train
6517,validation
6518,test
6519,validation
6520,train
6521,train
6522,train
6523,test
6524,validation
6525,test
6526,test
6527,train
6528,validation
6529,test
6530,train
6531,train
6532,train
6533,train
6534,validation
6535,train
6536,test
6537,train
6538,validation
6539,train
6540,test
6541,validation
6542,test
6543,train
6544,test
6545,train
6546,train
6547,validation
6548,train
6549,train
6550,validation
6551,train
6552,test
6553,train
6554,validation
6555,test
6556,train
6557,test
6558,train
6559,test
6560,train
6561,train
6562,train
6563,train
6564,train
6565,train
6566,train
6567,train
6568,train
6569,test
6570,train
6571,train
6572,test
6573,test
6574,validation
6575,train
6576,train
6577,train
6578,train
6579,test
6580,train
6581,train
6582,validation
6583,test
6584,train
6585,train
6586,test
6587,train
6588,validation
6589,train
6590,validation
6591,train
6592,train
6593,train
6594,validation
6595,test
6596,train
6597,train
6598,validation
6599,test
6600,test
6601,train
6602,train
6603,train
6604,train
6605,validation
6606,train
6607,train
6608,train
6609,validation
6610,train
6611,test
6612,train
6613,train
6614,train
6615,validation
6616,train
6617,validation
6618,train
6619,train
6620,train
6621,test
6622,validation
6623,train
6624,validation
6625,test
6626,train
6627,validation
6628,train
6629,test
6630,train
6631,train
6632,train
6633,train
6634,train
6635,train
6636,train
6637,validation
6638,test
6639,train
6640,train
6641,train
6642,train
6643,train
6644,train
6645,validation
6646,validation
6647,train
6648,validation
6649,test
6650,validation
6651,test
6652,validation
6653,train
6654,test
6655,train
6656,test
6657,train
6658,train
6659,train
6660,train
6661,test
6662,validation
6663,validation
6664,train
6665,validation
6666,validation
6667,validation
6668,train
6669,train
6670,train
6671,validation
6672,validation
6673,train
6674,train
6675,train
6676,train
6677,validation
6678,test
6679,train
6680,validation
6681,validation
6682,test
6683,train
6684,train
6685,test
6686,train
6687,train
6688,train
6689,train
6690,train
6691,validation
6692,train
6693,validation
6694,test
6695,train
6696,test
6697,train
6698,test
6699,train
6700,train
6701,test
6702,train
6703,train
6704,train
6705,train
6706,train
6707,train
6708,validation
6709,test
6710,train
6711,validation
6712,train
6713,train
6714,validation
6715,test
6716,train
6717,train
6718,train
6719,test
6720,test
6721,test
6722,validation
6723,train
6724,train
6725,train
6726,test
6727,train
6728,validation
6729,train
6730,train
6731,validation
6732,train
6733,train
6734,train
6735,test
6736,validation
6737,train
6738,validation
6739,test
6740,validation
6741,train
6742,test
6743,train
6744,train
6745,train
6746,train
6747,train
6748,test
6749,validation
6750,train
6751,validation
6752,train
6753,train
6754,train
6755,train
6756,train
6757,train
6758,train
6759,test
6760,test
6761,train
6762,train
6763,validation
6764,validation
6765,train
6766,validation
6767,train
6768,test
6769,train
6770,train
6771,test
6772,train
6773,validation
6774,train
6775,train
6776,train
6777,train
6778,test
6779,test
6780,train
6781,test
6782,train
6783,validation
6784,test
6785,validation
6786,train
6787,train
6788,test
6789,train
6790,train
6791,train
6792,test
6793,train
6794,test
6795,train
6796,train
6797,train
6798,test
6799,train
6800,train
6801,train
6802,train
6803,train
6804,train
6805,test
6806,train
6807,train
6808,train
6809,validation
6810,validation
6811,validation
6812,test
6813,train
6814,train
6815,train
6816,validation
6817,train
6818,train
6819,train
6820,train
6821,test
6822,train
6823,train
6824,validation
6825,test
6826,validation
6827,test
6828,train
6829,validation
6830,train
6831,test
6832,validation
6833,validation
6834,train
6835,train
6836,train
6837,validation
6838,train
6839,train
6840,train
6841,train
6842,train
6843,train
6844,train
6845,test
6846,validation
6847,train
6848,test
6849,validation
6850,train
6851,test
6852,train
6853,validation
6854,train
6855,train
6856,validation
6857,train
6858,train
6859,train
6860,validation
6861,test
6862,train
6863,validation
6864,validation
6865,validation
6866,train
6867,train
6868,train
6869,train
6870,validation
6871,validation
6872,train
6873,train
6874,train
6875,train
6876,train
6877,train
6878,test
6879,validation
6880,test
6881,train
6882,test
6883,train
6884,train
6885,train
6886,train
6887,train
6888,train
6889,train
6890,validation
6891,train
6892,test
6893,test
6894,train
6895,train
6896,train
6897,validation
6898,train
6899,validation
6900,validation
6901,test
6902,validation
6903,train
6904,test
6905,test
6906,validation
6907,train
6908,train
6909,validation
6910,validation
6911,test
6912,test
6913,train
6914,test
6915,train
6916,train
6917,validation
6918,train
6919,test
6920,validation
6921,train
6922,test
6923,test
6924,validation
6925,train
6926,test
6927,train
6928,validation
6929,train
6930,validation
6931,train
6932,train
6933,test
6934,train
6935,train
6936,train
6937,train
6938,train
6939,train
6940,train
6941,train
6942,train
6943,validation
6944,train
6945,validation
6946,validation
6947,validation
6948,train
6949,train
6950,validation
6951,train
6952,train
6953,train
6954,train
6955,train
6956,train
6957,train
6958,validation
6959,train
6960,train
6961,train
6962,train
6963,train
6964,validation
6965,test
6966,test
6967,train
6968,train
6969,train
6970,train
6971,train
6972,test
6973,train
6974,validation
6975,train
6976,test
6977,train
6978,train
6979,train
6980,train
6981,train
6982,test
6983,test
6984,train
6985,train
6986,train
6987,train
6988,train
6989,train
6990,train
6991,validation
6992,train
6993,train
6994,validation
6995,test
6996,validation
6997,validation
6998,validation
6999,train
7000,train
7001,train
7002,test
7003,test
7004,train
7005,test
7006,train
7007,test
7008,train
7009,test
7010,test
7011,validation
7012,train
7013,test
7014,test
7015,train
7016,train
7017,train
7018,validation
7019,train
7020,train
7021,train
7022,test
7023,train
7024,test
7025,validation
7026,train
7027,train
7028,test
7029,train
7030,train
7031,validation
7032,train
7033,test
7034,train
7035,train
7036,train
7037,validation
7038,train
7039,validation
7040,train
7041,validation
7042,validation
